PAPEL,COTACAO,P/L,P/VP,PSR,DIV_YIELD,P/ATIVO,P/CAP_GIRO,P/EBIT,P/ATIV_CIRC_LIQ,EV/EBIT,EV/EBITDA,MRG_EBIT,MRG_LIQ,LIQ_CORR,ROIC,ROE,LIQ_2MESES,PATRIM_LIQ,DIV_BRUT/PATRIM,CRESC_REC_5A
RRRP3,"33,96","-7.602,28","1,67","9,453","0,00%","1,262","3,21","27,67","4,79","17,77","12,08","34,17%","2,20%","4,79","8,60%","-0,02%","198.165.000,00","4.107.890.000,00","0,01","256,32%"
GNDI3,"66,95","-3.584,82","5,84","3,423","2,81%","2,378","79,65","87,05","-6,21","91,13","50,88","3,93%","-0,09%","1,17","3,09%","-0,16%","280.278.000,00","7.116.080.000,00","0,53","25,23%"
AALR3,"17,90","-376,44","1,80","1,863","0,00%",833,"-21,12","22,50","-2,51","29,41","12,95","8,28%","0,17%","0,83","4,02%","-0,48%","9.832.420,00","1.175.290.000,00","0,66","-0,42%"
DASA3,"22,03","-340,88","1,66","1,238","1,34%",672,"15,11","78,34","-2,35","98,39","14,70","1,58%","-0,26%","1,17","1,04%","-0,49%","16.301.300,00","7.418.660.000,00","0,72","30,37%"
CASH3,"2,02","-338,85","2,27","7,791","0,29%","1,965","2,75","-178,61","3,10","-116,04","-175,74","-4,36%","-1,15%","21,09","-3,63%","-0,67%","114.453.000,00","713.849.000,00","0,00","0,00%"
GEPA4,"28,90","-310,13","1,43","2,026","10,17%",688,"-4,71","15,80","-1,66","22,21","10,59","12,83%","-0,65%","0,42","5,34%","-0,46%","18.896,50","1.907.660.000,00","0,68","-0,57%"
GEPA3,"28,00","-300,47","1,39","1,963","10,50%",667,"-4,56","15,30","-1,61","21,72","10,36","12,83%","-0,65%","0,42","5,34%","-0,46%","6.217,20","1.907.660.000,00","0,68","-0,57%"
RCSL3,"3,23","-149,79","-5,98","4,112","0,00%","3,699","54,83","294,36","-3,35","288,94","140,42","1,40%","-2,75%","1,15","1,38%","3,99%","17.699.900,00","-40.976.000,00","-0,00","433,01%"
MAPT4,"21,51","-114,93","-3,35",0,"0,00%","25,573","-4.941,92","-130,91","-2,96","-130,91","-130,91","0,00%","0,00%","0,00","-19,64%","2,92%","315,07","-5.898.000,00","0,00","0,00%"
SEQL3,"10,56","-82,55","2,45",970,"0,00%",744,"11,64","104,31","-2,00","139,62","13,29","0,93%","-1,17%","1,25","0,86%","-2,97%","36.201.200,00","600.831.000,00","1,11","69,81%"
NORD3,"10,08","-67,14","-0,47","33,707","0,00%","3,802","-1,44","-63,80","-0,43","-99,76","-99,76","-52,83%","-50,20%","0,03","-6,16%","0,71%","10.128,60","-140.887.000,00","-0,27","46,63%"
FRTA3,"4,66","-62,55","-0,15",552,"0,00%",282,"-0,12","-35,31","-0,10","-261,65","-261,65","-1,56%","-0,88%","0,06","-0,96%","0,24%","7.751,85","-64.752.000,00","-0,96","-27,76%"
ELMD3,"13,26","-49,15","2,47","5,335","0,00%","1,190","4,78","-61,67","-15,48","-62,18","47,54","-8,65%","-10,85%","2,29","-3,34%","-5,03%","2.331.620,00","750.727.000,00","0,79","0,00%"
RCSL4,"0,92","-42,66","-1,70","1,171","0,00%","1,054","15,62","83,84","-0,95","78,42","38,11","1,40%","-2,75%","1,15","1,38%","3,99%","1.107.820,00","-40.976.000,00","-0,00","433,01%"
EMBR3,"14,29","-38,50","0,71",467,"0,00%",187,"0,62","7,11","-1,26","12,57","7,20","6,57%","-1,18%","2,08","3,77%","-1,85%","200.445.000,00","14.887.100.000,00","1,51","4,41%"
ORVR3,"25,81","-28,33","4,93","4,813","0,00%","1,995","12,53","36,51","-10,90","41,64","21,07","13,18%","-8,88%","1,66","5,65%","-17,39%","13.410.500,00","374.300.000,00","0,71","0,00%"
OPCT3,"3,10","-20,53","0,70",932,"0,00%",310,"1,74","235,34","-1,44","384,48","8,92","0,40%","-1,76%","2,06","0,18%","-3,43%","3.243.740,00","880.290.000,00","0,98","0,00%"
TXRX3,"27,66","-19,86","-0,38",792,"0,00%",552,"-0,44","3,97","-0,27","12,51","10,70","19,93%","-3,99%","0,26","20,57%","1,91%","506,49","-311.100.000,00","-0,81","15,22%"
DTCY3,"7,80","-19,64","55,80","8,022","0,00%","4,618","-31,98","-37,14","-8,33","-36,95","46,20","-21,60%","-40,85%","0,72","-14,31%","-284,13%","2.722,90","1.556.000,00","1,21","-8,50%"
HBSA3,"2,81","-18,58","1,50","1,655","0,00%",346,"4,50","10,89","-0,57","31,49","12,28","15,20%","-8,91%","1,92","3,47%","-8,05%","8.115.700,00","1.427.680.000,00","3,10","36,31%"
VIIA3,"3,32","-17,87","0,94",172,"0,00%",150,"-24,91","4,70","-0,47","11,47","6,10","3,65%","-0,96%","0,99","4,37%","-5,27%","243.468.000,00","5.637.000.000,00","1,67","4,50%"
SMFT3,"18,85","-17,41","2,51","6,474","0,00%",948,"4,03","-31,75","-3,62","-31,37","24,65","-20,39%","-37,09%","2,92","-4,50%","-14,43%","25.112.700,00","4.396.510.000,00","0,82","18,96%"
TELB3,"35,63","-16,83","1,67","9,027","0,00%",601,"2,21","-7,00","-1,92","-4,92","-18,15","-129,01%","-53,64%","5,93","-11,43%","-9,94%","7.948,12","1.445.520.000,00","0,16","70,12%"
TCNO3,"1,52","-15,87","-17,41",0,"0,00%",43,"-0,10","-4,68","-0,05","-20,40","-24,64","0,00%","0,00%","0,29","-1,24%","109,69%","25.378,80","-578.000,00","-58,53","53,01%"
BIOM3,"13,11","-12,98","6,78","9,266","0,00%","2,499","12,46","-16,68","-11,24","-18,80","-19,02","-55,55%","-71,41%","1,96","-18,71%","-52,27%","101.552,00","142.109.000,00","1,25","596,49%"
TCNO4,"1,22","-12,74","-13,97",0,"0,00%",34,"-0,08","-3,75","-0,04","-19,48","-23,53","0,00%","0,00%","0,29","-1,24%","109,69%","50.149,10","-578.000,00","-58,53","53,01%"
HBRE3,"6,50","-12,10","0,38","8,401","0,00%",196,"2,15","9,69","-0,87","16,30","16,16","86,67%","-78,29%","2,12","2,42%","-3,14%","263.766,00","1.767.560.000,00","0,57","0,00%"
AMAR3,"2,71","-9,88","0,71",281,"0,00%",207,"2,04","2,35","-1,10","6,32","3,30","11,97%","-2,84%","1,24","11,28%","-7,18%","19.414.400,00","999.524.000,00","1,46","-5,03%"
MSPA3,"50,01","-9,85","0,39","2,222","0,00%",221,"5,41","-10,80","-0,65","-13,46","-123,08","-20,58%","-22,55%","1,80","-2,18%","-3,95%","600,02","823.503.000,00","0,18","-3,46%"
MEAL3,"2,67","-9,76","0,66",465,"0,00%",257,"2,16","-10,91","-0,74","-13,37","8,61","-4,26%","-4,76%","1,81","-3,11%","-6,76%","4.009.020,00","1.158.050.000,00","0,61","-0,48%"
MSPA4,"47,00","-9,26","0,37","2,088","0,00%",208,"5,09","-10,15","-0,61","-12,81","-117,14","-20,58%","-22,55%","1,80","-2,18%","-3,95%","563,37","823.503.000,00","0,18","-3,46%"
WEST3,"2,04","-7,31","0,57",740,"0,00%",426,"0,71","-3,95","0,82","0,90","0,90","-18,73%","-10,13%","4,48","-34,00%","-7,75%","2.282.160,00","396.627.000,00","0,09","0,00%"
ECPR4,"90,36","-7,18","1,20",0,"0,00%",622,"604,52","-74,35","-1,31","-74,15","-74,22","0,00%","0,00%","1,24","-0,84%","-16,68%","1.759,17","143.369.000,00","0,00","0,00%"
ECPR3,"90,25","-7,17","1,20",0,"0,00%",621,"603,79","-74,26","-1,31","-74,06","-74,13","0,00%","0,00%","1,24","-0,84%","-16,68%","660,37","143.369.000,00","0,00","0,00%"
BKBR3,"6,45","-6,49","1,13",645,"0,00%",466,"33,93","-10,29","-1,24","-12,25","10,38","-6,27%","-9,95%","1,07","-5,54%","-17,41%","16.895.100,00","1.572.720.000,00","0,50","8,55%"
TELB4,"12,80","-6,05","0,60","3,243","0,00%",216,"0,79","-2,51","-0,69","-0,44","-1,63","-129,01%","-53,64%","5,93","-11,43%","-9,94%","83.777,50","1.445.520.000,00","0,16","70,12%"
MBLY3,"5,00","-5,80","0,81",746,"0,00%",531,"1,00","-6,73","1,48","-4,82","-9,29","-11,09%","-12,88%","4,06","-13,66%","-13,98%","2.653.080,00","657.212.000,00","0,29","0,00%"
BAHI3,"13,99","-5,69","1,60",924,"0,00%",414,"-1,69","127,87","-0,69","131,31","19,24","0,72%","-16,47%","0,33","0,35%","-28,19%","74.421,30","142.631.000,00","0,32","78,05%"
CVCB3,"11,82","-5,58","7,08","3,219","0,00%",536,"-7,06","-7,70","-1,66","-7,71","-19,48","-41,81%","-58,93%","0,89","-10,47%","-126,93%","162.651.000,00","375.292.000,00","2,64","-15,79%"
IRBR3,"2,93","-5,44","1,02",465,"0,00%",164,"0,00","-1,85","0,00","0,00","0,00","-25,11%","-8,55%","0,00","0,00%","-18,78%","52.388.900,00","3.634.360.000,00","0,00","-11,91%"
ENJU3,"2,63","-5,01","1,15","4,945","0,00%","1,050","1,26","-4,55","1,29","-0,88","-0,95","-108,60%","-98,77%","12,44","-188,24%","-23,05%","6.892.290,00","450.931.000,00","0,00","0,00%"
TXRX4,"6,72","-4,82","-0,09",192,"0,00%",134,"-0,11","0,97","-0,07","9,50","8,12","19,93%","-3,99%","0,26","20,57%","1,91%","2.246,46","-311.100.000,00","-0,81","15,22%"
TEND3,"8,72","-4,75","0,76",358,"2,04%",205,"0,59","52,38","-2,20","71,49","20,05","0,68%","-7,74%","2,20","0,53%","-15,91%","23.651.500,00","1.203.410.000,00","1,16","16,86%"
CTNM3,"8,01","-4,19","0,30",105,"0,00%",56,"0,84","1,22","-0,24","7,11","4,56","8,62%","-4,23%","1,19","5,43%","-7,26%","1.933,32","806.232.000,00","1,85","-5,64%"
ADHM3,"1,56","-4,09","-1,29","770,924","0,00%","105,126","-1,43","-5,69","-1,27","-5,69","-5,81","-13.548,50%","-18.860,60%","0,00","521,70%","31,47%","2.064,00","-19.776.000,00","0,00","43,48%"
ALPK3,"3,70","-3,47","1,39",927,"0,00%",301,"-1,87","6,66","-0,45","17,58","5,78","13,92%","-26,85%","0,40","4,96%","-40,22%","205.825,00","555.368.000,00","2,46","-12,10%"
CEED4,"45,90","-3,38","-1,02",680,"0,00%",482,"4,83","-16,12","-0,47","-25,08","99,57","-4,22%","-20,14%","1,29","-4,23%","30,24%","333,68","-3.067.670.000,00","-1,02","41,47%"
CEED3,"43,00","-3,16","-0,96",637,"0,00%",452,"4,53","-15,11","-0,44","-24,06","95,53","-4,22%","-20,14%","1,29","-4,23%","30,24%","2.629,17","-3.067.670.000,00","-1,02","41,47%"
BLUT3,"1,21","-2,80","0,41",0,"0,00%",128,"-1,01","-15,01","-0,18","-19,06","-19,06","0,00%","0,00%","0,00","-0,86%","-14,79%","250.599,00","58.673.000,00","0,11","0,00%"
ESTR4,"59,00","-2,46","-0,09",269,"0,00%",174,"-0,09","1,99","-0,08","5,49","5,04","13,52%","-10,91%","0,23","9,42%","3,83%","575,61","-505.460.000,00","-0,17","1,94%"
CRDE3,"16,80","-2,28","0,40","19,619","0,00%",354,"2,92","-4,26","4,34","-2,63","-2,63","-460,70%","-860,99%","2,79","-9,77%","-17,44%","6.409,37","102.494.000,00","0,00","-28,36%"
SHOW3,"3,01","-2,02","1,32","16,965","0,00%",408,"2,14","-3,77","-4,75","-2,56","-2,97","-449,62%","-848,46%","1,46","-20,52%","-65,32%","1.598.570,00","153.907.000,00","0,88","-60,56%"
SGPS3,"4,65","-1,96","0,23",129,"0,00%",71,"0,59","1,88","-0,32","7,73","4,29","6,87%","-6,58%","1,36","4,50%","-11,57%","248.246,00","1.022.990.000,00","0,96","-8,56%"
CTNM4,"3,42","-1,79","0,13",45,"0,00%",24,"0,36","0,52","-0,10","6,41","4,11","8,62%","-4,23%","1,19","5,43%","-7,26%","87.551,90","806.232.000,00","1,85","-5,64%"
OIBR4,"1,33","-1,79","8,27","4,385","0,00%",116,"0,38","-2,51","-0,31","-10,56","-27,35","-174,48%","-245,43%","1,97","-5,08%","-462,73%","2.552.970,00","1.061.810.000,00","29,52","-40,34%"
AZUL4,"21,52","-1,77","-0,41",747,"0,00%",402,"-1,27","6,78","-0,24","26,67","11,08","11,01%","-42,23%","0,50","8,02%","22,98%","239.643.000,00","-18.333.000.000,00","-1,36","0,29%"
VIVR3,"0,89","-1,60","-1,02","1,623","0,00%",368,"-1,37","-2,97","-0,41","-6,34","-6,56","-54,74%","-101,21%","0,64","-15,98%","63,55%","4.528.690,00","-124.814.000,00","-1,69","58,02%"
BLUT4,"0,64","-1,48","0,22",0,"0,00%",68,"-0,53","-7,94","-0,10","-11,99","-11,99","0,00%","0,00%","0,00","-0,86%","-14,79%","602.785,00","58.673.000,00","0,11","0,00%"
AVLL3,"32,49","-1,42","5,38","2,520","0,00%",369,"8,31","-7,40","-0,67","-15,20","-17,29","-34,06%","-135,86%","1,13","-5,78%","-378,12%","64.114,40","135.329.000,00","6,94","0,00%"
TCSA3,"2,98","-1,40","0,34","1,312","0,00%",140,"0,48","-2,68","-1,22","-7,24","-8,18","-48,86%","-94,24%","2,81","-5,96%","-24,10%","2.206.880,00","649.131.000,00","0,86","-7,29%"
BAHI11,"2,70","-1,10","0,31",178,"0,00%",80,"-0,33","24,68","-0,13","28,12","4,12","0,72%","-16,47%","0,33","0,35%","-28,19%","3.013,22","142.631.000,00","0,32","78,05%"
OIBR3,"0,80","-1,08","4,97","2,637","0,00%",70,"0,23","-1,51","-0,19","-9,56","-24,75","-174,48%","-245,43%","1,97","-5,08%","-462,73%","105.060.000,00","1.061.810.000,00","29,52","-40,34%"
PLAS3,"10,48","-1,07","-0,42",213,"0,00%",210,"-0,51","-3,38","-0,18","-8,12","15,91","-6,28%","-19,95%","0,44","-7,21%","39,25%","4.207,76","-311.446.000,00","-0,62","10,19%"
HOOT4,"2,42","-0,96","-0,10","1,340","0,00%",94,"-0,07","-1,51","-0,05","-1,42","-2,26","-88,51%","-139,95%","0,04","-6,40%","9,95%","16.725,50","-466.395.000,00","-0,00","-28,36%"
COGN3,"2,08","-0,85","0,31",909,"0,00%",135,"1,42","-17,95","-0,53","-45,75","17,86","-5,07%","-107,15%","1,54","-0,87%","-36,08%","70.868.700,00","12.679.000.000,00","0,73","-5,62%"
GSHP3,"28,00","-0,85","-0,08",449,"0,00%",31,"1,00","1,35","-0,03","40,15","37,49","33,35%","-52,82%","1,16","2,80%","9,79%","13.689,30","-649.166.000,00","-2,88","-21,01%"
RSID3,"8,05","-0,84","-0,22","2,710","0,00%",127,"-0,13","-2,74","-0,10","-12,81","-13,33","-99,05%","-317,88%","0,27","-4,89%","26,33%","604.008,00","-724.294.000,00","-0,83","-33,46%"
RPMG3,"2,88","-0,79","-0,06",111,"0,00%",48,"-0,07","-0,66","-0,05","-0,66","-0,66","-16,91%","-13,98%","0,56","-7,51%","7,40%","161.205,00","-3.322.860.000,00","0,00","26,14%"
GOLL4,"14,32","-0,79","-0,27",763,"0,00%",394,"-0,68","-1,49","-0,17","-4,43","-6,83","-51,06%","-96,64%","0,24","-32,15%","34,30%","113.865.000,00","-21.053.700.000,00","-0,57","-12,08%"
PMAM3,"7,09","-0,67","-0,39",60,"0,00%",92,"-0,12","-4,15","-0,11","-45,49","47,44","-1,44%","-9,00%","0,34","-2,49%","58,95%","2.639.300,00","-783.935.000,00","-4,08","7,81%"
INEP4,"1,27","-0,62","-0,09","26,312","0,00%",149,"-0,10","-0,81","-0,06","-3,93","-4,18","-3.251,52%","-4.853,00%","0,05","-19,32%","13,86%","1.138.390,00","-2.561.840.000,00","-0,33","-36,42%"
JFEN3,"1,05","-0,62","-0,23","-10,406","0,00%",89,"-0,80","-1,09","-0,14","-6,68","-6,79","958,81%","1.698,50%","0,88","-8,78%","36,81%","411.264,00","-483.667.000,00","-1,22","-18,79%"
INEP3,"1,26","-0,62","-0,09","26,105","0,00%",148,"-0,10","-0,80","-0,06","-3,93","-4,18","-3.251,52%","-4.853,00%","0,05","-19,32%","13,86%","1.198.210,00","-2.561.840.000,00","-0,33","-36,42%"
BBRK3,"0,98","-0,61","1,86",554,"0,00%",451,"-1,94","-5,56","-0,87","-4,12","-14,48","-9,97%","-93,40%","0,50","-9,62%","-302,67%","2.023.490,00","41.469.000,00","0,00","10,30%"
MTIG4,"40,25","-0,61","-0,26",131,"0,00%",114,"-0,29","-0,67","-0,13","-5,82","-7,85","-19,45%","-21,37%","0,58","-20,26%","42,43%","4.772,22","-37.389.400,00","-2,00","-13,21%"
ATMP3,"2,17","-0,57","0,30",55,"0,00%",34,"-0,13","-3,67","-0,05","-21,45","2,51","-1,50%","-9,72%","0,44","-1,08%","-53,16%","114.076,00","192.398.000,00","1,66","-15,23%"
IGBR3,"41,32","-0,56","-0,05","10,359","0,00%",399,"-0,12","-0,55","-0,05","-6,06","-6,21","-1.890,19%","-1.844,22%","0,03","-79,97%","8,96%","1.203.640,00","-1.026.000.000,00","-0,51","-4,15%"
BDLL3,"10,50","-0,44","-0,09","1,537","0,00%",25,"-0,06","-0,56","-0,03","-8,66","-10,52","-275,76%","-350,37%","0,50","-5,36%","20,50%","4.428,12","-186.846.000,00","-1,31","-47,59%"
BDLL4,"10,00","-0,42","-0,09","1,464","0,00%",24,"-0,06","-0,53","-0,03","-8,63","-10,49","-275,76%","-350,37%","0,50","-5,36%","20,50%","8.133,98","-186.846.000,00","-1,31","-47,59%"
SNSY5,"4,28","-0,29","-0,02",44,"0,00%",73,"-0,60","-5,02","-0,02","-22,63","13,61","-0,88%","-15,38%","0,83","-1,79%","7,63%","16.169,10","-1.477.480.000,00","-0,09","16,26%"
PDGR3,"1,20","-0,17","-0,01",168,"0,00%",48,"-0,03","-1,44","-0,01","-23,54","-24,41","-11,70%","-98,48%","0,29","-4,57%","7,38%","1.645.410,00","-5.499.090.000,00","-0,21","-6,37%"
SLED3,"13,48","-0,12","-0,04",231,"0,00%",87,"-0,31","-0,48","-0,03","-6,00","-10,48","-48,25%","-197,16%","0,54","-26,49%","37,60%","280.269,00","-553.939.000,00","-0,51","-51,11%"
TEKA3,"26,10","-0,11","-0,01",61,"0,00%",13,"-0,01","64,67","-0,00","2.879,80","129,57","0,09%","-56,45%","0,04","0,03%","6,79%","127,32","-1.777.870.000,00","-0,32","8,97%"
SLED4,"6,99","-0,06","-0,02",120,"0,00%",45,"-0,16","-0,25","-0,02","-5,77","-10,08","-48,25%","-197,16%","0,54","-26,49%","37,60%","1.019.830,00","-553.939.000,00","-0,51","-51,11%"
LLIS3,"1,41","-0,05","0,73",123,"0,00%",46,"1,43","-0,52","-0,07","-9,23","-55,54","-23,71%","-61,91%","1,16","-9,73%","-1.386,10%","1.010.720,00","133.566.000,00","12,68","-14,78%"
OSXB3,"6,51","-0,05","-0,00",972,"0,00%",9,"-0,04","-0,25","-0,00","-57,27","-70,74","-387,68%","-1.816,52%","0,02","-3,83%","7,67%","134.971,00","-5.201.600.000,00","-0,90","24,51%"
TEKA4,"8,38","-0,03","-0,00",20,"0,00%",4,"-0,00","20,76","-0,00","2.835,89","127,59","0,09%","-56,45%","0,04","0,03%","6,79%","14.042,70","-1.777.870.000,00","-0,32","8,97%"
HETA4,"7,46","-0,02","-0,01","1,639","0,00%",329,"-0,05","5,79","-0,01","499,83","499,83","28,29%","-7.526,18%","0,01","5,69%","31,35%","35.748,80","-557.401.000,00","-0,58","-5,46%"
ARML3,"14,84","0,00","4,63",0,"0,00%","2,619","6,20","0,00","27,22","0,00","0,00","0,00%","0,00%","4,93","0,00%","0,00%","13.882.300,00","1.108.480.000,00","0,65","0,00%"
BRIT3,"3,60","0,00","1,21",0,"0,00%",594,"1,76","0,00","35,04","0,00","0,00","0,00%","0,00%","2,81","0,00%","0,00%","2.334.790,00","1.341.070.000,00","0,83","0,00%"
CLSA3,"7,42","0,00","1,78",0,"0,00%","1,386","1,78","0,00","2,01","0,00","0,00","0,00%","0,00%","6,94","0,00%","0,00%","18.826.300,00","785.018.000,00","0,15","0,00%"
DESK3,"13,92","0,00","1,39",0,"0,00%",843,"2,39","0,00","11,12","0,00","0,00","0,00%","0,00%","4,14","0,00%","0,00%","6.110.630,00","868.497.000,00","0,45","0,00%"
DOTZ3,"1,97","0,00","-5,01",0,"0,00%",647,"9,31","0,00","-2,33","0,00","0,00","0,00%","0,00%","1,09","0,00%","0,00%","252.889,00","-51.891.000,00","-0,51","0,00%"
FIQE3,"5,00","0,00","1,84",0,"0,00%","1,130","2,77","0,00","6,23","0,00","0,00","0,00%","0,00%","3,57","0,00%","0,00%","3.232.970,00","984.998.000,00","0,29","0,00%"
IFCM3,"15,11","0,00","4,62",0,"0,00%","2,831","8,97","0,00","13,34","0,00","0,00","0,00%","0,00%","2,11","0,00%","0,00%","12.400.400,00","921.548.000,00","0,11","0,00%"
KRSA3,"2,51","0,00","1,56",0,"0,00%",510,"3,47","0,00","-1,41","0,00","0,00","0,00%","0,00%","1,92","0,00%","0,00%","1.153.340,00","1.234.890.000,00","1,29","0,00%"
MATD3,"15,66","0,00","3,91",0,"0,00%","2,391","4,18","0,00","8,09","0,00","0,00","0,00%","0,00%","6,09","0,00%","0,00%","9.538.310,00","1.531.620.000,00","0,17","0,00%"
MLAS3,"5,08","0,00","1,07",0,"0,00%",550,"0,99","0,00","1,25","0,00","0,00","0,00%","0,00%","2,50","0,00%","0,00%","11.197.600,00","3.910.490.000,00","0,28","0,00%"
NINJ3,"3,73","0,00","0,64",0,"0,00%",588,"0,65","0,00","0,65","0,00","0,00","0,00%","0,00%","11,61","0,00%","0,00%","2.015.930,00","291.485.000,00","0,00","0,00%"
ONCO3,"9,21","0,00","2,63",0,"0,00%",918,"2,98","0,00","-14,73","0,00","0,00","0,00%","0,00%","2,38","0,00%","0,00%","10.141.400,00","1.734.180.000,00","0,91","0,00%"
PORT3,"54,92","0,00","1,90",0,"0,00%",755,"33,58","0,00","-1,64","0,00","0,00","0,00%","0,00%","1,19","0,00%","0,00%","3.546.220,00","2.111.470.000,00","1,22","0,00%"
RECV3,"19,80","0,00","2,66",0,"0,00%","1,486","6,88","0,00","-56,57","0,00","0,00","0,00%","0,00%","2,08","0,00%","0,00%","19.103.400,00","1.849.310.000,00","0,43","0,00%"
TRAD3,"3,86","0,00","1,71",0,"0,00%","1,610","2,13","0,00","2,15","0,00","0,00","0,00%","0,00%","15,74","0,00%","0,00%","12.457.700,00","635.506.000,00","0,01","0,00%"
MWET4,"15,00","0,18","-0,64",136,"0,00%",134,"16,99","7,61","-0,17","21,07","10,38","1,78%","75,13%","1,02","1,99%","-356,36%","74.968,90","-48.018.000,00","-1,14","14,21%"
MWET3,"20,50","0,25","-0,88",185,"0,00%",183,"23,22","10,40","-0,23","23,86","11,75","1,78%","75,13%","1,02","1,99%","-356,36%","408,68","-48.018.000,00","-1,14","14,21%"
MGEL4,"13,44","0,37","-0,29",95,"0,00%",131,"0,35","0,78","-0,16","7,37","6,19","12,21%","25,79%","2,44","22,45%","-77,44%","31.039,30","-271.646.000,00","-2,75","14,84%"
CEBR3,"13,56","0,62","0,51","-1,141","139,85%",440,"0,61","5,62","0,62","-2,98","-2,84","-20,31%","-189,71%","22,04","24,48%","83,39%","40.712,60","1.903.810.000,00","0,00","-25,98%"
CEBR6,"13,72","0,62","0,52","-1,154","152,04%",445,"0,62","5,68","0,62","-2,91","-2,77","-20,31%","-189,71%","22,04","24,48%","83,39%","139.726,00","1.903.810.000,00","0,00","-25,98%"
CEBR5,"13,81","0,63","0,52","-1,162","137,32%",448,"0,62","5,72","0,63","-2,87","-2,74","-20,31%","-189,71%","22,04","24,48%","83,39%","10.554,00","1.903.810.000,00","0,00","-25,98%"
SYNE3,"6,24","0,74","0,57",413,"1,26%",195,"1,62","0,61","-0,79","1,16","1,10","68,00%","60,89%","2,78","37,95%","77,27%","4.191.140,00","1.665.290.000,00","0,96","38,79%"
GPIV33,"5,02","0,75","0,28",435,"0,00%",134,"0,52","0,46","1,16","-0,40","-0,40","93,68%","86,75%","6,79","40,09%","37,61%","325.290,00","1.965.900.000,00","0,06","55,19%"
CTKA4,"9,73","1,14","-0,41",121,"0,00%",101,"0,31","1,24","-0,18","11,67","9,27","9,73%","10,63%","1,92","9,92%","-36,01%","66.846,40","-147.222.000,00","-3,71","11,99%"
TPIS3,"1,89","1,14","0,36",316,"2,18%",103,"-0,95","-16,50","-0,16","-96,39","4,66","-1,92%","27,01%","0,38","-0,66%","31,19%","1.784.350,00","932.497.000,00","1,83","-9,60%"
LUPA3,"4,98","1,50","1,09","1,781","0,00%",284,"0,86","-9,63","-1,16","-17,71","-27,23","-18,50%","118,45%","2,96","-3,13%","72,63%","7.873.580,00","133.184.000,00","1,04","-8,92%"
BRKM6,"26,70","1,52","2,71",202,"2,27%",230,"1,51","0,78","-0,45","1,62","1,41","25,74%","13,22%","1,56","39,78%","177,79%","3.389,32","7.865.820.000,00","4,45","16,59%"
RNEW4,"1,69","1,60","-0,22","2,166","0,00%",70,"0,52","-2,44","-0,08","-23,36","-24,77","-88,73%","135,64%","1,43","-3,27%","-13,99%","427.838,00","-828.222.000,00","-2,21","-50,33%"
RNEW11,"5,14","1,62","-0,23","2,196","0,00%",71,"0,53","-2,48","-0,08","-23,39","-24,81","-88,73%","135,64%","1,43","-3,27%","-13,99%","60.718,70","-828.222.000,00","-2,21","-50,33%"
RNEW3,"1,82","1,72","-0,24","2,333","0,00%",75,"0,56","-2,63","-0,09","-23,55","-24,97","-88,73%","135,64%","1,43","-3,27%","-13,99%","194.664,00","-828.222.000,00","-2,21","-50,33%"
USIM3,"12,52","1,73","0,72",465,"10,35%",397,"1,15","1,54","3,22","1,47","1,34","30,24%","29,82%","3,16","34,20%","41,70%","9.937.750,00","21.749.300.000,00","0,29","27,74%"
AZEV4,"3,08","1,79","3,76","3,724","0,00%",985,"2,39","-9,22","-4,49","-5,99","-6,19","-40,39%","207,59%","4,84","-17,16%","209,67%","1.174.700,00","44.584.000,00","0,00","-37,76%"
USIM5,"13,66","1,89","0,79",507,"10,44%",434,"1,25","1,68","3,51","1,61","1,47","30,24%","29,82%","3,16","34,20%","41,70%","327.273.000,00","21.749.300.000,00","0,29","27,74%"
HBTS5,"51,50","2,05","0,90","1,732","0,31%",350,"-5,29","2,94","-0,68","3,30","3,28","58,87%","84,57%","0,59","12,18%","43,93%","3.506,07","522.913.000,00","0,15","51,90%"
BRAP3,"28,79","2,08","0,78",0,"33,69%",776,"4,43","-410,42","4,44","-317,76","-317,76","0,00%","0,00%","65,33","-0,23%","37,43%","6.067.760,00","14.547.000.000,00","0,00","0,00%"
BAZA3,"40,50","2,12","0,42",0,"6,41%",0,"0,00","0,00","0,00","0,00","0,00","0,00%","0,00%","0,00","0,00%","19,80%","23.490,00","2.857.610.000,00","0,00","-1,70%"
AZEV3,"3,65","2,13","4,46","4,413","0,00%","1,168","2,84","-10,93","-5,32","-7,70","-7,96","-40,39%","207,59%","4,84","-17,16%","209,67%","171.538,00","44.584.000,00","0,00","-37,76%"
MNDL3,"33,92","2,15","-0,73",126,"0,00%",69,"-0,14","1,02","-0,09","4,23","3,62","12,31%","5,87%","0,40","7,19%","-33,94%","50.277,10","-115.403.000,00","-2,33","9,89%"
GOAU3,"10,14","2,18","0,75",141,"23,08%",148,"0,57","0,59","4,52","0,94","0,83","23,86%","19,85%","2,38","31,67%","34,35%","1.106.840,00","14.742.000.000,00","0,95","15,64%"
HAGA4,"1,84","2,18","-0,33",486,"0,00%",346,"0,97","4,77","-0,28","4,15","3,05","10,18%","22,26%","1,76","17,79%","-15,13%","181.613,00","-66.331.300,00","-0,49","13,98%"
GOAU4,"11,26","2,42","0,83",156,"20,78%",164,"0,63","0,65","5,02","1,00","0,88","23,86%","19,85%","2,38","31,67%","34,35%","98.226.400,00","14.742.000.000,00","0,95","15,64%"
BRAP4,"33,58","2,42","0,91",0,"31,77%",905,"5,17","-478,70","5,17","-386,04","-386,04","0,00%","0,00%","65,33","-0,23%","37,43%","142.135.000,00","14.547.000.000,00","0,00","0,00%"
BRKM3,"43,21","2,46","4,38",326,"17,45%",372,"2,44","1,27","-0,73","2,11","1,83","25,74%","13,22%","1,56","39,78%","177,79%","723.149,00","7.865.820.000,00","4,45","16,59%"
GGBR3,"22,32","2,48","0,90",490,"14,07%",520,"2,06","2,05","23,38","2,44","2,15","23,88%","19,86%","2,33","31,71%","36,37%","1.398.040,00","42.604.300.000,00","0,33","15,64%"
USIM6,"18,00","2,49","1,04",669,"7,92%",571,"1,65","2,21","4,63","2,14","1,95","30,24%","29,82%","3,16","34,20%","41,70%","172,83","21.749.300.000,00","0,29","27,74%"
EUCA4,"8,77","2,53","0,46",358,"5,37%",258,"1,89","1,96","-5,89","2,87","2,08","18,29%","14,89%","1,54","14,81%","18,00%","442.595,00","1.783.070.000,00","0,27","17,50%"
BRKM5,"45,74","2,61","4,64",345,"16,48%",394,"2,59","1,34","-0,77","2,18","1,89","25,74%","13,22%","1,56","39,78%","177,79%","169.867.000,00","7.865.820.000,00","4,45","16,59%"
CSNA3,"23,90","2,71","1,63",692,"8,84%",418,"3,18","1,73","-1,58","2,43","2,17","39,90%","28,38%","1,43","35,64%","60,34%","319.285.000,00","20.315.000.000,00","1,60","24,23%"
FHER3,"14,95","2,83","8,90",234,"0,00%",329,"1,47","1,62","-1,02","2,62","2,48","14,40%","8,25%","1,54","23,32%","314,38%","20.697.000,00","90.470.000,00","5,60","-13,97%"
BOBR4,"1,42","2,93","-3,22",334,"0,00%",419,"-1,46","12,41","-0,57","22,03","12,52","2,69%","11,43%","0,58","4,65%","-110,11%","60.033,00","-114.831.000,00","-2,75","0,61%"
PEAB3,"62,00","2,93","0,97","31,611","18,22%",869,"1,62","-36,92","1,95","-16,02","-20,18","-85,62%","1.079,51%","40,28","-4,89%","33,18%","3.239,68","819.966.000,00","0,03","-48,79%"
CPLE3,"6,35","3,07","0,81",760,"18,75%",349,"7,93","4,45","-1,09","5,89","4,65","17,07%","25,25%","1,22","9,27%","26,26%","7.284.540,00","21.564.100.000,00","0,49","12,70%"
GGBR4,"28,16","3,13","1,14",618,"11,15%",656,"2,60","2,59","29,50","2,98","2,62","23,88%","19,86%","2,33","31,71%","36,37%","364.957.000,00","42.604.300.000,00","0,33","15,64%"
DOHL4,"5,77","3,21","0,62",636,"3,55%",473,"1,13","4,53","1,59","4,50","3,92","14,04%","19,80%","4,53","11,35%","19,35%","30.592,50","702.237.000,00","0,07","8,84%"
CTKA3,"27,50","3,22","-1,16",342,"0,00%",286,"0,86","3,52","-0,52","13,95","11,08","9,73%","10,63%","1,92","9,92%","-36,01%","212,93","-147.222.000,00","-3,71","11,99%"
MRFG3,"20,49","3,26","3,62",166,"14,16%",295,"5,74","1,09","-0,62","2,83","2,53","15,20%","7,78%","1,14","36,28%","110,85%","137.222.000,00","3.916.920.000,00","7,91","47,27%"
CPLE11,"35,32","3,41","0,90",845,"0,00%",388,"8,82","4,95","-1,22","6,39","5,04","17,07%","25,25%","1,22","9,27%","26,26%","15.554.000,00","21.564.100.000,00","0,49","12,70%"
PLPL3,"2,65","3,44","1,65",434,"7,39%",459,"0,59","1,56","2,30","1,85","1,77","27,77%","12,59%","6,40","39,05%","47,90%","2.444.440,00","328.039.000,00","0,98","0,00%"
POSI3,"7,46","3,45","0,89",337,"4,57%",319,"1,02","4,26","1,83","5,65","4,81","7,91%","9,89%","1,63","12,61%","25,86%","26.384.200,00","1.187.040.000,00","0,62","12,12%"
CESP6,"22,10","3,47","0,97","3,359","9,82%",498,"25,06","6,11","-1,21","7,40","5,51","54,97%","96,93%","1,37","8,49%","27,90%","50.986.400,00","7.485.270.000,00","0,26","10,03%"
ESPA3,"3,90","3,47","1,38","1,263","3,65%",435,"5,55","4,53","-1,64","7,48","5,62","27,88%","37,36%","1,23","11,08%","39,75%","17.071.400,00","691.061.000,00","1,29","0,00%"
CPLE6,"7,19","3,47","0,91",860,"18,21%",395,"8,98","5,04","-1,24","6,47","5,11","17,07%","25,25%","1,22","9,27%","26,26%","80.622.500,00","21.564.100.000,00","0,49","12,70%"
ETER3,"15,16","3,48","1,66",834,"1,59%",925,"1,76","3,12","3,21","2,52","2,39","26,72%","23,99%","3,54","40,39%","47,83%","35.289.000,00","563.245.000,00","0,07","13,74%"
CESP3,"22,23","3,49","0,97","3,379","13,23%",501,"25,21","6,15","-1,22","7,44","5,53","54,97%","96,93%","1,37","8,49%","27,90%","91.909,90","7.485.270.000,00","0,26","10,03%"
PEAB4,"74,00","3,50","1,16","37,730","16,79%","1,038","1,93","-44,06","2,33","-23,16","-29,19","-85,62%","1.079,51%","40,28","-4,89%","33,18%","5.696,63","819.966.000,00","0,03","-48,79%"
ALLD3,"12,79","3,51","0,78",208,"5,89%",287,"1,25","3,25","3,12","3,09","2,62","6,40%","5,93%","1,47","19,42%","22,32%","1.538.940,00","1.523.640.000,00","0,27","0,00%"
TKNO4,"70,00","3,51","0,86",710,"5,11%",599,"1,64","4,44","1,83","4,64","4,22","15,99%","20,22%","2,37","16,14%","24,46%","889,32","240.202.000,00","0,14","22,88%"
CESP5,"22,50","3,53","0,98","3,420","3,43%",507,"25,52","6,22","-1,23","7,51","5,59","54,97%","96,93%","1,37","8,49%","27,90%","8.712,93","7.485.270.000,00","0,26","10,03%"
MYPK3,"12,34","3,53","0,47",139,"11,38%",131,"1,13","1,97","-0,58","6,58","4,16","7,04%","4,58%","1,33","8,63%","13,29%","22.508.800,00","4.041.740.000,00","1,37","11,78%"
PTNT4,"5,35","3,61","0,75",327,"3,79%",332,"1,38","4,34","6,02","6,47","4,36","7,53%","10,20%","1,87","9,57%","20,87%","96.971,00","341.078.000,00","0,56","11,57%"
JHSF3,"5,36","3,67","0,82","1,832","10,36%",437,"3,07","3,24","-2,02","4,21","4,01","56,55%","48,88%","2,42","15,07%","22,48%","31.716.600,00","4.464.560.000,00","0,44","54,34%"
EUCA3,"12,90","3,72","0,67",527,"3,32%",380,"2,78","2,88","-8,66","3,79","2,75","18,29%","14,89%","1,54","14,81%","18,00%","46.979,10","1.783.070.000,00","0,27","17,50%"
CTSA4,"1,14","3,73","0,40",210,"0,00%",182,"6,91","4,72","-1,32","11,82","8,09","4,44%","5,61%","1,07","4,57%","10,61%","282.061,00","320.486.000,00","0,66","8,24%"
VALE3,"91,13","3,76","2,37","1,552","16,20%",913,"11,39","2,62","-2,57","2,68","2,45","59,16%","41,34%","1,47","42,02%","63,01%","2.756.730.000,00","192.403.000.000,00","0,40","27,49%"
PETR4,"30,83","3,77","1,04",888,"18,33%",413,"12,06","2,11","-0,97","3,51","2,57","42,08%","23,70%","1,25","21,64%","27,54%","2.432.040.000,00","387.329.000.000,00","0,85","7,07%"
DMMO3,"1,00","3,79","-0,74","3,216","0,00%","2,342","-4,24","9,41","-0,62","9,14","6,25","34,17%","84,95%","0,41","38,44%","-19,49%","18.940.500,00","-690.833.000,00","-0,00","-19,02%"
DEXP4,"7,98","3,81","1,64",502,"0,00%",630,"2,49","4,21","174,47","5,06","4,42","11,93%","15,56%","1,88","17,46%","43,15%","24.798,00","456.531.000,00","0,46","31,29%"
CGRA3,"37,00","3,86","0,93","1,225","3,71%",697,"2,01","6,51","2,73","5,77","5,08","18,82%","31,72%","3,17","12,96%","24,08%","59.202,30","768.149.000,00","0,00","7,31%"
BNBR3,"72,47","3,87","0,84",0,"6,60%",0,"0,00","0,00","0,00","0,00","0,00","0,00%","0,00%","0,00","0,00%","21,64%","3.412,83","7.479.030.000,00","0,00","18,84%"
CGRA4,"37,71","3,94","0,95","1,249","3,64%",711,"2,05","6,63","2,78","5,89","5,19","18,82%","31,72%","3,17","12,96%","24,08%","245.703,00","768.149.000,00","0,00","7,31%"
CLSC3,"58,01","3,97","0,85",197,"7,41%",187,"4,63","3,15","-0,40","4,81","3,57","6,27%","4,97%","1,15","7,09%","21,48%","14.379,90","2.621.370.000,00","0,77","11,45%"
HBOR3,"3,23","4,08","0,32",430,"1,47%",102,"0,24","6,07","0,91","18,48","14,92","7,10%","16,88%","2,76","1,86%","7,92%","4.393.030,00","1.338.550.000,00","0,93","25,27%"
BGIP4,"22,39","4,09","0,61",0,"6,43%",0,"0,00","0,00","0,00","0,00","0,00","0,00%","0,00%","0,00","0,00%","14,92%","48.165,30","561.322.000,00","0,00","3,81%"
DEXP3,"8,65","4,13","1,78",544,"3,24%",683,"2,70","4,56","189,12","5,41","4,72","11,93%","15,56%","1,88","17,46%","43,15%","2.966.980,00","456.531.000,00","0,46","31,29%"
PETR3,"33,76","4,13","1,14",973,"16,74%",453,"13,21","2,31","-1,06","3,71","2,71","42,08%","23,70%","1,25","21,64%","27,54%","684.660.000,00","387.329.000.000,00","0,85","7,07%"
CEDO4,"5,00","4,19","0,36",55,"0,00%",64,"-1,05","0,84","-0,21","4,06","3,10","6,51%","0,97%","0,89","9,51%","8,60%","47.605,80","138.726.000,00","1,52","7,29%"
CLSC4,"61,98","4,25","0,91",211,"7,63%",200,"4,94","3,36","-0,43","5,02","3,73","6,27%","4,97%","1,15","7,09%","21,48%","404.167,00","2.621.370.000,00","0,77","11,45%"
TASA3,"23,30","4,33","3,63","1,004","0,00%","1,314","8,19","3,16","23,04","3,66","3,54","31,77%","23,17%","1,30","51,41%","83,89%","600.331,00","757.047.000,00","0,92","38,29%"
LIGT3,"8,98","4,41","0,38",221,"4,91%",123,"0,76","1,79","-0,34","5,63","4,19","12,36%","5,02%","2,05","8,53%","8,68%","24.055.200,00","8.749.760.000,00","1,22","7,58%"
TASA4,"23,71","4,41","3,70","1,022","0,00%","1,337","8,33","3,22","23,45","3,72","3,60","31,77%","23,17%","1,30","51,41%","83,89%","20.594.900,00","757.047.000,00","0,92","38,29%"
RAPT3,"9,40","4,44","1,23",342,"7,21%",289,"1,19","2,57","-3,49","4,08","3,43","13,30%","9,77%","1,66","16,25%","27,69%","124.663,00","2.520.220.000,00","1,60","28,17%"
CEAB3,"4,85","4,54","0,50",290,"0,00%",172,"0,99","-12,87","-0,86","-15,66","13,95","-2,26%","6,38%","1,63","-1,87%","10,99%","15.529.900,00","2.995.010.000,00","0,46","-2,62%"
ROMI3,"12,69","4,57","0,97",673,"6,91%",476,"1,58","4,49","5,33","6,46","5,36","14,98%","14,76%","2,02","12,56%","21,15%","10.720.200,00","963.288.000,00","0,60","18,66%"
BRSR6,"10,66","4,60","0,48",0,"9,95%",0,"0,00","0,00","0,00","0,00","0,00","0,00%","0,00%","0,00","0,00%","10,49%","23.672.200,00","9.046.220.000,00","0,00","7,31%"
RAPT4,"9,81","4,63","1,28",357,"6,91%",301,"1,24","2,68","-3,64","4,19","3,53","13,30%","9,77%","1,66","16,25%","27,69%","31.560.500,00","2.520.220.000,00","1,60","28,17%"
EPAR3,"16,60","4,67","3,43",282,"0,00%","1,115","4,04","4,46","328,49","4,61","4,14","6,32%","6,03%","1,69","36,90%","73,44%","40.888,70","71.941.000,00","0,56","51,02%"
MNPR3,"5,67","4,68","-0,11",132,"0,00%",157,"-0,10","0,93","-0,08","0,94","0,81","14,21%","2,83%","0,23","17,69%","-2,39%","42.689,50","-360.965.000,00","-0,00","11,54%"
UNIP3,"99,89","4,75","4,12","1,500","14,06%","1,510","9,01","4,30","-8,70","4,23","3,84","34,92%","31,86%","1,58","51,87%","86,72%","2.606.630,00","2.288.740.000,00","0,64","17,07%"
AGRO3,"32,09","4,76","1,34","1,724","8,17%",905,"2,75","4,07","5,43","3,93","3,46","42,32%","36,22%","3,04","31,83%","28,15%","25.057.100,00","2.451.480.000,00","0,32","50,87%"
JBSS3,"36,39","4,79","1,86",262,"8,77%",441,"3,14","3,22","-1,30","5,45","4,12","8,14%","5,47%","1,53","18,61%","38,74%","392.252.000,00","46.554.500.000,00","1,81","19,36%"
NEOE3,"15,54","4,81","0,79",437,"2,82%",220,"10,25","2,13","-0,47","5,85","4,77","20,55%","9,42%","1,09","11,88%","16,43%","15.808.400,00","23.886.000.000,00","1,62","18,49%"
UNIP5,"102,99","4,90","4,25","1,546","15,00%","1,557","9,29","4,43","-8,97","4,36","3,97","34,92%","31,86%","1,58","51,87%","86,72%","22.046,20","2.288.740.000,00","0,64","17,07%"
BBAS3,"33,48","4,90","0,71",0,"8,11%",0,"0,00","0,00","0,00","0,00","0,00","0,00%","0,00%","0,00","0,00%","14,58%","524.748.000,00","134.226.000.000,00","0,00","4,66%"
SAPR3,"3,82","4,90","0,74","1,109","5,29%",394,"8,56","2,73","-1,22","4,21","3,55","40,65%","22,63%","1,48","15,80%","15,05%","1.478.120,00","7.826.340.000,00","0,53","7,63%"
CMIN3,"5,67","4,98","2,26","1,665","8,25%","1,175","5,06","3,29","-162,58","2,64","2,45","50,68%","33,46%","1,96","64,73%","45,51%","49.852.200,00","13.998.300.000,00","0,34","28,92%"
UNIP6,"104,76","4,98","4,32","1,573","14,74%","1,583","9,45","4,50","-9,13","4,44","4,03","34,92%","31,86%","1,58","51,87%","86,72%","43.380.200,00","2.288.740.000,00","0,64","17,07%"
SAPR11,"19,81","5,08","0,77","1,150","5,51%",409,"8,88","2,83","-1,26","4,31","3,64","40,65%","22,63%","1,48","15,80%","15,05%","29.575.500,00","7.826.340.000,00","0,53","7,63%"
SAPR4,"3,97","5,09","0,77","1,153","5,60%",410,"8,90","2,84","-1,27","4,32","3,64","40,65%","22,63%","1,48","15,80%","15,05%","12.084.900,00","7.826.340.000,00","0,53","7,63%"
EALT4,"6,69","5,10","0,77",445,"18,87%",313,"4,16","4,38","-2,18","7,05","5,25","10,17%","8,72%","1,20","8,05%","15,17%","190.576,00","194.506.000,00","0,61","19,01%"
PATI4,"63,00","5,14","1,76",565,"2,87%",757,"1,26","4,32","2,58","4,75","4,62","13,07%","10,99%","3,26","31,60%","34,34%","3.275,17","854.351.000,00","0,88","30,64%"
CRPG6,"48,99","5,14","1,62","1,484","10,24%","1,186","2,60","4,96","3,31","4,36","3,89","29,91%","28,87%","3,67","31,00%","31,54%","19.140,90","876.884.000,00","0,00","12,58%"
BRSR3,"11,97","5,16","0,54",0,"8,86%",0,"0,00","0,00","0,00","0,00","0,00","0,00%","0,00%","0,00","0,00%","10,49%","77.405,30","9.046.220.000,00","0,00","7,31%"
CRPG5,"49,40","5,18","1,63","1,496","10,15%","1,196","2,62","5,00","3,34","4,40","3,93","29,91%","28,87%","3,67","31,00%","31,54%","571.708,00","876.884.000,00","0,00","12,58%"
CMIG4,"12,73","5,23","1,06",699,"9,24%",406,"7,80","4,21","-1,10","5,81","4,85","16,58%","13,36%","1,26","10,98%","20,34%","99.424.700,00","20.262.200.000,00","0,56","9,89%"
ENGI4,"7,15","5,33","1,48",507,"11,05%",251,"4,25","2,88","-0,47","6,57","5,14","17,58%","10,46%","1,28","10,12%","27,84%","180.852,00","8.748.260.000,00","2,40","16,79%"
CEPE6,"27,00","5,36","1,10",237,"10,09%",155,"3,71","1,81","-0,29","7,22","5,49","13,09%","4,42%","1,15","9,85%","20,52%","5.094,83","1.832.000.000,00","3,66","12,05%"
CSRN3,"17,00","5,36","1,89",790,"12,03%",550,"-25,51","3,93","-1,29","6,64","5,62","20,11%","14,74%","0,93","15,45%","35,23%","23.325,70","1.513.000.000,00","1,42","12,57%"
CSRN5,"17,00","5,36","1,89",790,"13,24%",550,"-25,51","3,93","-1,29","6,64","5,62","20,11%","14,74%","0,93","15,45%","35,23%","333,05","1.513.000.000,00","1,42","12,57%"
RANI3,"5,96","5,36","1,60",953,"6,32%",647,"2,49","3,46","-3,41","4,33","3,58","27,54%","17,77%","2,78","25,64%","29,80%","7.793.080,00","957.438.000,00","0,93","14,45%"
TRPL4,"24,73","5,40","1,13","2,944","11,25%",562,"6,47","4,12","-1,56","5,72","5,69","71,42%","54,89%","3,05","14,22%","20,96%","38.597.800,00","14.399.200.000,00","0,52","17,16%"
BGIP3,"30,03","5,48","0,82",0,"4,36%",0,"0,00","0,00","0,00","0,00","0,00","0,00%","0,00%","0,00","0,00%","14,92%","2.803,54","561.322.000,00","0,00","3,81%"
LAVV3,"4,69","5,49","0,83","1,603","14,94%",558,"1,25","5,69","1,53","2,98","2,97","28,19%","33,53%","3,17","13,51%","15,09%","4.632.960,00","1.178.130.000,00","0,00","77,31%"
CEEB3,"34,99","5,49","1,48",643,"17,42%",376,"14,49","3,08","-0,73","6,69","5,45","20,84%","11,70%","1,13","13,25%","27,02%","18.771,30","6.176.000.000,00","1,85","14,14%"
VBBR3,"21,85","5,51","2,26",221,"9,27%",861,"2,79","8,09","-8,29","10,88","9,24","2,73%","4,01%","2,49","12,83%","40,93%","191.952.000,00","11.287.000.000,00","0,96","3,95%"
CEPE5,"28,00","5,56","1,14",246,"8,85%",161,"3,85","1,88","-0,30","7,29","5,55","13,09%","4,42%","1,15","9,85%","20,52%","5.874,37","1.832.000.000,00","3,66","12,05%"
POMO3,"2,18","5,63","0,71",590,"4,91%",310,"1,54","-49,58","-6,23","-73,55","47,98","-1,19%","10,24%","1,66","-0,85%","12,62%","594.161,00","2.905.000.000,00","0,80","2,39%"
LEVE3,"24,91","5,64","1,86",884,"3,71%","1,087","4,22","4,93","8,62","4,79","4,15","17,94%","15,67%","1,90","28,20%","33,06%","7.969.210,00","1.714.800.000,00","0,16","8,98%"
AFLT3,"9,15","5,78","2,33","4,797","6,89%","2,092","11,44","5,59","17,81","5,43","5,42","85,80%","82,95%","5,86","41,05%","40,32%","7.216,90","247.518.000,00","0,00","39,35%"
ENBR3,"21,54","5,80","1,12",663,"7,19%",375,"4,34","3,68","-1,12","6,00","4,90","18,02%","12,54%","1,41","11,84%","19,37%","72.254.500,00","11.151.400.000,00","0,95","9,68%"
MDNE3,"5,70","5,83","0,45",781,"0,00%",180,"0,86","5,48","-1,23","4,80","4,58","14,26%","13,71%","1,85","3,63%","7,72%","1.448.150,00","1.074.620.000,00","0,12","3,95%"
CEDO3,"7,00","5,86","0,50",77,"0,00%",90,"-1,47","1,18","-0,29","4,40","3,35","6,51%","0,97%","0,89","9,51%","8,60%","10.585,70","138.726.000,00","1,52","7,29%"
FESA4,"43,09","5,92","1,61","1,593","2,10%","1,120","4,10","4,54","10,13","4,30","3,62","35,10%","26,91%","2,95","31,25%","27,13%","20.670.100,00","2.369.220.000,00","0,17","18,49%"
PTBL3,"7,90","5,94","3,12",647,"13,05%",524,"4,25","3,83","-1,45","5,44","4,39","16,89%","10,89%","1,36","18,48%","52,51%","7.469.890,00","373.390.000,00","2,20","14,03%"
DXCO3,"13,60","6,00","1,81","1,267","8,56%",771,"8,02","6,64","-3,42","8,21","5,63","19,09%","21,12%","1,38","15,07%","30,09%","56.867.200,00","5.733.580.000,00","0,67","17,41%"
EMAE4,"40,50","6,03","1,85","3,009","4,59%",951,"3,64","8,33","-6,49","6,68","6,48","36,14%","49,92%","4,29","14,19%","30,76%","512.459,00","807.010.000,00","0,00","28,11%"
BMEB4,"10,61","6,03","0,99",0,"4,87%",0,"0,00","0,00","0,00","0,00","0,00","0,00%","0,00%","0,00","0,00%","16,41%","93.686,70","1.124.490.000,00","0,00","15,11%"
PATI3,"75,00","6,12","2,10",673,"2,41%",901,"1,50","5,15","3,07","5,57","5,42","13,07%","10,99%","3,26","31,60%","34,34%","2.368,59","854.351.000,00","0,88","30,64%"
BEES3,"4,93","6,22","0,82",0,"7,00%",0,"0,00","0,00","0,00","0,00","0,00","0,00%","0,00%","0,00","0,00%","13,26%","102.644,00","1.889.670.000,00","0,00","6,11%"
CYRE3,"14,97","6,25","0,97","1,321","7,26%",455,"1,16","7,72","8,23","9,26","8,74","17,11%","22,92%","3,41","7,23%","15,46%","116.298.000,00","6.198.680.000,00","0,55","14,98%"
POMO4,"2,42","6,25","0,79",655,"4,42%",344,"1,71","-55,03","-6,92","-79,01","51,54","-1,19%","10,24%","1,66","-0,85%","12,62%","17.332.400,00","2.905.000.000,00","0,80","2,39%"
CSRN6,"19,89","6,27","2,21",925,"11,31%",644,"-29,85","4,60","-1,51","7,31","6,18","20,11%","14,74%","0,93","15,45%","35,23%","574,93","1.513.000.000,00","1,42","12,57%"
CTSA3,"1,92","6,29","0,67",353,"0,00%",306,"11,65","7,95","-2,22","15,05","10,30","4,44%","5,61%","1,07","4,57%","10,61%","383.308,00","320.486.000,00","0,66","8,24%"
MRVE3,"10,63","6,38","0,84",722,"4,07%",254,"0,94","7,39","-1,22","13,55","11,43","9,77%","12,68%","2,40","3,75%","13,15%","75.133.000,00","6.119.510.000,00","0,86","10,62%"
GETT3,"1,63","6,39","0,92","1,066","0,00%",52,"2,11","4,68","2,24","6,82","4,39","22,78%","16,70%","1,03","1,14%","14,34%","578.805,00","3.320.020.000,00","1,05","22,95%"
GETT4,"1,63","6,39","0,92","1,066","0,00%",52,"2,11","4,68","2,24","6,82","4,39","22,78%","16,70%","1,03","1,14%","14,34%","611.596,00","3.320.020.000,00","1,05","22,95%"
CSAN3,"20,95","6,41","2,66","1,576","3,01%",401,"2,74","11,00","-0,94","20,18","12,44","14,33%","25,50%","2,11","4,55%","41,54%","170.420.000,00","14.740.900.000,00","3,32","30,04%"
ABCB4,"16,23","6,41","0,79",0,"5,64%",0,"0,00","0,00","0,00","0,00","0,00","0,00%","0,00%","0,00","0,00%","12,25%","14.366.000,00","4.669.460.000,00","0,00","-6,04%"
TAEE3,"13,74","6,41","2,12","4,090","10,93%",893,"19,78","5,32","-2,01","7,73","7,67","76,83%","63,76%","1,51","17,34%","33,12%","1.073.820,00","6.684.760.000,00","1,02","36,61%"
TAEE11,"41,35","6,43","2,13","4,103","10,89%",896,"19,84","5,34","-2,01","7,75","7,68","76,83%","63,76%","1,51","17,34%","33,12%","106.474.000,00","6.684.760.000,00","1,02","36,61%"
TAEE4,"13,79","6,44","2,13","4,105","10,89%",897,"19,85","5,34","-2,01","7,75","7,68","76,83%","63,76%","1,51","17,34%","33,12%","2.210.110,00","6.684.760.000,00","1,02","36,61%"
ENGI11,"43,41","6,47","1,80",615,"9,10%",305,"5,16","3,50","-0,57","7,18","5,63","17,58%","10,46%","1,28","10,12%","27,84%","85.084.400,00","8.748.260.000,00","2,40","16,79%"
MTSA4,"37,11","6,48","1,09",631,"6,09%",744,"1,51","4,78","1,60","4,70","4,19","13,19%","9,74%","2,67","19,64%","16,87%","83.124,80","310.469.000,00","0,18","21,18%"
WIZS3,"7,62","6,48","3,88","1,492","7,99%",561,"-5,10","3,34","-1,45","2,73","2,53","44,63%","25,20%","0,69","21,51%","59,94%","12.504.000,00","313.684.000,00","0,73","12,56%"
TRIS3,"4,22","6,53","0,64","1,017","5,71%",337,"0,70","5,22","1,57","6,91","6,85","19,49%","17,05%","3,51","7,91%","9,87%","8.360.710,00","1.221.100.000,00","0,53","17,35%"
TECN3,"2,35","6,57","0,56",587,"3,45%",287,"0,60","3,17","1,76","3,79","4,47","18,53%","8,93%","3,83","11,64%","8,53%","3.489.040,00","329.014.000,00","0,41","-3,73%"
CRIV3,"4,90","6,63","0,49",0,"0,51%",0,"0,00","0,00","0,00","0,00","0,00","0,00%","0,00%","0,00","0,00%","7,34%","7.417,95","1.036.690.000,00","0,00","-1,61%"
FESA3,"48,30","6,64","1,80","1,785","1,70%","1,256","4,60","5,09","11,36","4,85","4,09","35,10%","26,91%","2,95","31,25%","27,13%","21.520,80","2.369.220.000,00","0,17","18,49%"
BMGB4,"2,81","6,77","0,42",0,"11,23%",0,"0,00","0,00","0,00","0,00","0,00","0,00%","0,00%","0,00","0,00%","6,26%","2.760.570,00","3.862.850.000,00","0,00","4,86%"
BEES4,"5,40","6,81","0,90",0,"6,39%",0,"0,00","0,00","0,00","0,00","0,00","0,00%","0,00%","0,00","0,00%","13,26%","17.238,70","1.889.670.000,00","0,00","6,11%"
BRSR5,"15,81","6,82","0,71",0,"8,25%",0,"0,00","0,00","0,00","0,00","0,00","0,00%","0,00%","0,00","0,00%","10,49%","2.567,63","9.046.220.000,00","0,00","7,31%"
ENAT3,"20,33","6,82","1,56","4,140","0,95%",932,"2,64","14,77","9,75","10,65","3,82","28,03%","60,67%","3,47","11,35%","22,84%","34.601.100,00","3.467.240.000,00","0,26","30,68%"
ALUP11,"26,10","6,86","1,17","1,461","3,22%",297,"3,92","2,07","-0,68","4,27","4,12","70,70%","40,56%","1,80","15,69%","17,03%","19.243.200,00","6.551.240.000,00","1,54","43,78%"
ALUP3,"8,72","6,87","1,17","1,465","3,21%",298,"3,92","2,07","-0,68","4,28","4,12","70,70%","40,56%","1,80","15,69%","17,03%","85.740,00","6.551.240.000,00","1,54","43,78%"
MOVI3,"15,64","6,91","1,73","1,063","2,11%",261,"1,05","3,15","-0,61","7,04","5,72","33,69%","15,37%","2,44","15,47%","24,95%","45.496.800,00","3.284.470.000,00","4,50","22,34%"
ALUP4,"8,81","6,94","1,18","1,480","3,18%",301,"3,97","2,09","-0,68","4,30","4,14","70,70%","40,56%","1,80","15,69%","17,03%","105.195,00","6.551.240.000,00","1,54","43,78%"
LOGG3,"25,16","6,97","0,78","17,208","3,44%",498,"9,75","23,09","-2,46","32,61","32,37","74,53%","256,57%","1,52","2,27%","11,14%","12.540.000,00","3.311.570.000,00","0,38","11,77%"
CIEL3,"2,49","6,97","0,68","1,355","6,83%",69,"1,25","8,21","-4,11","3,86","2,40","16,50%","19,44%","1,07","7,76%","9,81%","95.833.300,00","9.890.590.000,00","0,41","-22,91%"
EKTR4,"29,75","7,01","1,78",678,"10,79%",540,"5,03","3,87","-1,50","6,80","5,67","17,53%","9,66%","1,47","15,96%","25,42%","7.545,95","3.234.000.000,00","1,55","8,88%"
CSMG3,"13,85","7,10","0,79",911,"5,38%",414,"6,75","4,16","-1,61","6,15","4,01","21,91%","12,83%","1,39","11,50%","11,15%","19.230.800,00","6.654.040.000,00","0,60","8,21%"
CRIV4,"5,27","7,13","0,52",0,"8,52%",0,"0,00","0,00","0,00","0,00","0,00","0,00%","0,00%","0,00","0,00%","7,34%","15.585,70","1.036.690.000,00","0,00","-1,61%"
ITSA4,"9,99","7,23","1,34","10,799","4,56%","1,026","22,36","64,82","-13,17","67,39","44,03","16,66%","162,68%","1,68","1,72%","18,52%","260.179.000,00","65.886.000.000,00","0,13","11,45%"
CMIG3,"17,73","7,28","1,48",973,"6,63%",565,"10,87","5,87","-1,53","7,47","6,23","16,58%","13,36%","1,26","10,98%","20,34%","6.155.510,00","20.262.200.000,00","0,56","9,89%"
ITSA3,"10,09","7,30","1,35","10,907","4,51%","1,036","22,59","65,47","-13,30","68,04","44,46","16,66%","162,68%","1,68","1,72%","18,52%","2.725.530,00","65.886.000.000,00","0,13","11,45%"
TRPL3,"33,60","7,33","1,54","4,000","8,28%",764,"8,79","5,60","-2,12","7,20","7,16","71,42%","54,89%","3,05","14,22%","20,96%","46.110,90","14.399.200.000,00","0,52","17,16%"
CRPG3,"69,99","7,34","2,32","2,120","0,00%","1,695","3,72","7,09","4,73","6,48","5,79","29,91%","28,87%","3,67","31,00%","31,54%","355,54","876.884.000,00","0,00","12,58%"
CURY3,"6,70","7,41","3,21","1,228","8,44%",898,"2,25","5,48","9,42","5,02","4,94","22,39%","17,46%","2,15","23,27%","43,37%","8.136.350,00","608.658.000,00","0,64","0,00%"
CAMB3,"4,84","7,44","1,63",852,"0,00%",642,"21,20","4,50","-3,32","6,53","5,64","18,92%","11,49%","1,08","15,62%","21,91%","149.936,00","125.424.000,00","0,78","-5,95%"
BMEB3,"13,20","7,50","1,23",0,"3,56%",0,"0,00","0,00","0,00","0,00","0,00","0,00%","0,00%","0,00","0,00%","16,41%","2.007,54","1.124.490.000,00","0,00","15,11%"
EALT3,"9,85","7,51","1,14",655,"11,65%",461,"6,13","6,44","-3,22","9,11","6,79","10,17%","8,72%","1,20","8,05%","15,17%","2.756,12","194.506.000,00","0,61","19,01%"
VULC3,"9,64","7,55","1,75","1,269","3,63%","1,187","2,95","9,88","3,59","10,90","8,35","12,85%","16,81%","2,63","13,31%","23,14%","4.647.640,00","1.356.220.000,00","0,27","7,51%"
RSUL4,"63,73","7,56","5,52","1,259","0,00%","1,327","8,66","6,41","-4,30","6,41","5,85","19,65%","16,64%","1,51","23,78%","72,96%","268.552,00","67.340.000,00","0,23","22,89%"
EZTC3,"16,65","7,60","0,86","3,621","2,55%",747,"2,02","13,78","2,33","10,09","9,95","26,27%","49,63%","6,45","6,89%","11,33%","46.621.100,00","4.389.920.000,00","0,00","11,42%"
PFRM3,"4,80","7,60","0,55",93,"5,64%",147,"0,69","2,48","23,77","4,03","2,64","3,73%","1,23%","1,50","9,53%","7,20%","374.387,00","1.086.070.000,00","0,51","12,12%"
SEER3,"10,10","7,62","0,89",966,"2,08%",410,"5,14","6,81","-1,42","7,23","3,72","14,19%","12,67%","1,46","6,98%","11,68%","5.914.400,00","1.459.580.000,00","0,33","2,44%"
PCAR3,"22,81","7,66","0,45",120,"9,51%",124,"4,65","1,71","-0,40","1,92","1,21","7,01%","1,87%","1,08","11,57%","5,88%","52.532.400,00","13.649.000.000,00","0,66","3,20%"
CGAS5,"123,00","7,69","14,75","1,392","9,91%","1,328","-41,83","6,39","-2,32","8,76","7,48","21,80%","18,10%","0,91","26,29%","191,74%","694.479,00","1.105.220.000,00","6,29","18,45%"
BBDC3,"17,41","7,71","1,15",0,"5,25%",0,"0,00","0,00","0,00","0,00","0,00","0,00%","0,00%","0,00","0,00%","14,92%","167.886.000,00","147.121.000.000,00","0,00","14,10%"
CGAS3,"124,00","7,75","14,87","1,403","8,93%","1,339","-42,17","6,44","-2,34","8,81","7,53","21,80%","18,10%","0,91","26,29%","191,74%","5.927,41","1.105.220.000,00","6,29","18,45%"
EQMA3B,"39,95","7,77","2,10","1,301","11,55%",859,"7,21","5,57","-4,16","6,56","5,57","23,38%","16,76%","1,45","19,75%","27,07%","20.216,60","3.119.880.000,00","0,71","9,36%"
EKTR3,"33,00","7,78","1,98",752,"8,84%",599,"5,58","4,29","-1,66","7,22","6,02","17,53%","9,66%","1,47","15,96%","25,42%","508,44","3.234.000.000,00","1,55","8,88%"
SANB3,"15,81","7,91","0,00",0,"10,21%",0,"0,00","0,00","0,00","0,00","0,00","0,00%","0,00%","0,00","0,00%","0,00%","2.386.800,00","0,00","0,00","6,83%"
CAML3,"9,00","7,92","1,16",388,"3,52%",410,"1,13","6,12","-33,57","9,52","8,85","6,34%","4,90%","2,35","10,39%","14,63%","15.540.500,00","2.872.440.000,00","1,31","24,88%"
EQTL3,"25,85","7,94","2,44","1,316","2,49%",525,"3,89","5,68","-1,33","8,06","7,04","23,17%","19,33%","1,61","11,95%","30,77%","189.211.000,00","11.941.100.000,00","1,83","27,74%"
CPFE3,"30,74","8,01","2,40",943,"12,04%",575,"18,43","5,23","-1,14","7,38","6,09","18,04%","12,01%","1,14","13,04%","29,96%","77.864.400,00","14.756.100.000,00","1,33","8,76%"
WHRL3,"5,84","8,06","3,49",774,"10,05%",968,"9,00","8,52","16,79","7,40","6,30","9,09%","9,63%","1,16","35,93%","43,37%","38.035,80","2.511.990.000,00","0,44","6,66%"
SHUL4,"8,80","8,16","1,73",922,"2,12%",721,"1,66","7,72","10,17","10,09","8,04","11,94%","11,30%","2,96","12,67%","21,21%","1.642.630,00","908.481.000,00","1,02","21,22%"
ELET3,"33,46","8,17","0,69","1,766","2,87%",272,"2,82","-14,92","-0,73","-21,95","-46,89","-11,84%","21,84%","1,70","-2,13%","8,44%","144.267.000,00","76.128.500.000,00","0,64","-7,43%"
JSLG3,"7,73","8,18","1,67",515,"3,06%",311,"1,53","6,10","-0,71","14,35","8,72","8,45%","6,34%","2,19","6,26%","20,46%","4.261.700,00","1.323.390.000,00","2,98","-18,92%"
PRNR3,"5,21","8,19","0,88",531,"1,04%",566,"2,07","7,58","2,73","6,74","3,74","7,00%","6,73%","1,94","9,76%","10,72%","981.100,00","230.946.000,00","0,21","3,56%"
PSSA3,"19,58","8,20","1,35",596,"6,67%",304,"5,38","0,74","-2,56","0,22","0,22","80,12%","7,28%","1,09","51,93%","16,49%","46.684.200,00","9.364.560.000,00","0,00","5,13%"
ELET6,"33,59","8,20","0,69","1,773","3,15%",273,"2,83","-14,97","-0,74","-22,01","-47,01","-11,84%","21,84%","1,70","-2,13%","8,44%","71.969.100,00","76.128.500.000,00","0,64","-7,43%"
MOAR3,"415,00","8,21","3,85","-9.210,440","12,10%","2,473","12,27","-144,52","-40,18","-140,49","-143,86","6.373,01%","-112.119,00%","3,15","-2,34%","46,81%","489.358,00","1.322.230.000,00","0,31","176,34%"
ITUB3,"22,09","8,25","1,50",0,"3,31%",0,"0,00","0,00","0,00","0,00","0,00","0,00%","0,00%","0,00","0,00%","18,15%","23.535.000,00","144.564.000.000,00","0,00","-33,65%"
COCE5,"51,98","8,28","1,16",499,"6,96%",360,"-26,71","3,60","-0,91","6,66","5,11","13,86%","6,02%","0,96","11,77%","14,01%","1.598.720,00","3.486.800.000,00","1,07","13,61%"
PTNT3,"12,29","8,30","1,73",750,"1,65%",764,"3,18","9,97","13,83","12,09","8,15","7,53%","10,20%","1,87","9,57%","20,87%","224.700,00","341.078.000,00","0,56","11,57%"
BRIV3,"6,99","8,40","0,39",0,"0,20%",0,"0,00","0,00","0,00","0,00","0,00","0,00%","0,00%","0,00","0,00%","4,66%","12.805,00","1.580.930.000,00","0,00","35,28%"
SANB11,"34,15","8,54","0,00",0,"9,93%",0,"0,00","0,00","0,00","0,00","0,00","0,00%","0,00%","0,00","0,00%","0,00%","110.747.000,00","0,00","0,00","6,83%"
WHRL4,"6,20","8,55","3,71",822,"10,42%","1,028","9,55","9,05","17,83","7,92","6,75","9,09%","9,63%","1,16","35,93%","43,37%","167.363,00","2.511.990.000,00","0,44","6,66%"
GFSA3,"1,58","8,71","0,30",453,"0,00%",129,"0,31","4,30","1,03","10,23","9,12","10,54%","5,25%","2,44","3,46%","3,47%","12.012.400,00","1.765.520.000,00","0,67","5,85%"
SANB4,"17,52","8,76","0,00",0,"10,14%",0,"0,00","0,00","0,00","0,00","0,00","0,00%","0,00%","0,00","0,00%","0,00%","2.940.780,00","0,00","0,00","6,83%"
UCAS3,"3,44","8,76","1,35","1,030","6,21%",789,"3,88","8,67","5,60","6,02","4,43","11,88%","11,76%","1,57","13,19%","15,46%","185.567,00","167.781.000,00","0,09","7,00%"
EEEL4,"399,00","8,76","2,02","3,255","8,35%",868,"3,30","9,72","-3,90","9,95","9,43","33,48%","36,13%","4,24","10,39%","23,06%","973,17","1.906.490.000,00","0,36","2,31%"
JALL3,"10,34","8,80","2,29","2,191","2,84%",809,"2,78","4,30","-4,69","5,56","3,55","50,96%","24,89%","2,58","25,38%","26,06%","8.246.940,00","1.328.170.000,00","1,32","0,00%"
KLBN4,"4,82","8,97","4,72","1,643","2,94%",644,"3,25","5,01","-1,28","8,88","5,92","32,81%","20,66%","2,49","17,36%","52,61%","3.307.590,00","5.739.570.000,00","5,11","16,54%"
REDE3,"6,42","9,09","3,65",926,"10,29%",563,"7,44","4,41","-1,15","6,89","5,69","21,00%","13,89%","1,35","14,70%","40,20%","32.311,50","3.706.950.000,00","2,48","11,65%"
TGMA3,"15,02","9,17","1,46",984,"5,23%",949,"3,45","8,31","6,90","8,74","7,38","11,84%","10,70%","2,31","14,04%","15,88%","4.801.910,00","680.734.000,00","0,29","-3,54%"
BPAC5,"5,04","9,21","1,55",0,"2,54%",0,"0,00","0,00","0,00","0,00","0,00","0,00%","0,00%","0,00","0,00%","16,84%","159.196,00","37.379.700.000,00","0,00","36,32%"
BBDC4,"21,10","9,34","1,39",0,"4,76%",0,"0,00","0,00","0,00","0,00","0,00","0,00%","0,00%","0,00","0,00%","14,92%","1.048.260.000,00","147.121.000.000,00","0,00","14,10%"
KLBN11,"25,20","9,38","4,93","1,718","2,81%",673,"3,40","5,24","-1,34","9,10","6,08","32,81%","20,66%","2,49","17,36%","52,61%","147.530.000,00","5.739.570.000,00","5,11","16,54%"
ITUB4,"25,59","9,56","1,74",0,"2,86%",0,"0,00","0,00","0,00","0,00","0,00","0,00%","0,00%","0,00","0,00%","18,15%","1.026.480.000,00","144.564.000.000,00","0,00","-33,65%"
SUZB3,"60,61","9,56","5,47","2,014","1,22%",693,"3,66","5,01","-1,18","8,56","6,00","40,23%","21,08%","2,95","17,42%","57,22%","397.713.000,00","15.075.500.000,00","5,28","42,43%"
BRIV4,"8,03","9,65","0,45",0,"7,47%",0,"0,00","0,00","0,00","0,00","0,00","0,00%","0,00%","0,00","0,00%","4,66%","17.098,90","1.580.930.000,00","0,00","35,28%"
SLCE3,"48,84","9,77","2,94","1,640","1,95%",806,"8,12","5,78","-2,61","7,15","6,61","28,36%","17,88%","1,33","15,31%","30,13%","92.401.000,00","3.524.750.000,00","0,73","27,25%"
SIMH3,"9,72","9,90","2,31",587,"1,62%",170,"0,50","2,64","-0,44","7,73","5,76","22,25%","9,58%","3,30","11,97%","23,39%","19.831.000,00","3.516.080.000,00","9,78","20,18%"
CARD3,"14,43","9,97","1,76","1,173","3,57%","1,059","24,79","6,94","-10,06","7,18","4,25","16,90%","11,77%","1,17","19,14%","17,65%","3.771.460,00","342.831.000,00","0,30","1,95%"
DIRR3,"10,66","10,02","1,23",900,"6,62%",282,"0,68","4,94","-1,17","5,64","4,87","18,22%","11,75%","5,75","7,13%","12,27%","20.705.900,00","1.299.880.000,00","0,98","21,80%"
GUAR3,"9,28","10,22","0,88",642,"4,74%",320,"1,69","22,61","-12,23","29,86","8,11","2,84%","6,27%","1,45","1,81%","8,60%","18.068.500,00","5.266.780.000,00","0,68","0,87%"
KEPL3,"53,10","10,29","3,45","1,297","20,29%","1,562","12,34","7,81","24,26","7,47","6,55","16,61%","12,61%","1,26","24,84%","33,50%","14.352.300,00","461.630.000,00","0,13","18,00%"
MEGA3,"11,12","10,32","1,43","25,903","0,00%",516,"-887,28","60,80","-1,04","109,72","81,49","42,60%","251,04%","1,00","1,04%","13,89%","30.357.200,00","4.306.250.000,00","1,43","0,00%"
LPSB3,"3,89","10,33","2,62","2,586","0,00%","1,307","5,80","10,77","-13,08","8,34","6,25","24,02%","33,43%","2,25","17,77%","25,32%","5.501.020,00","219.415.000,00","0,00","18,22%"
HAGA3,"8,86","10,50","-1,59","2,338","0,00%","1,667","4,66","22,97","-1,37","22,34","16,41","10,18%","22,26%","1,76","17,79%","-15,13%","349.969,00","-66.331.300,00","-0,49","13,98%"
DOHL3,"19,00","10,58","2,05","2,094","0,98%","1,556","3,72","14,92","5,25","14,88","12,95","14,04%","19,80%","4,53","11,35%","19,35%","463,44","702.237.000,00","0,07","8,84%"
SMTO3,"43,86","10,61","3,21","2,880","5,32%","1,078","6,12","8,47","-3,15","11,24","6,22","34,02%","27,14%","2,21","14,82%","30,21%","71.141.600,00","4.842.160.000,00","1,36","14,03%"
PARD3,"17,40","10,67","2,61","1,148","1,64%",987,"67,27","6,02","-3,37","6,19","4,71","19,05%","10,78%","1,05","20,69%","24,50%","6.516.470,00","871.671.000,00","0,37","14,64%"
VVEO3,"14,75","10,68","1,96",679,"0,00%",612,"1,71","9,92","-26,58","9,74","7,91","6,84%","6,35%","2,16","12,02%","18,37%","8.137.570,00","2.151.020.000,00","0,99","40,91%"
BTTL3,"20,19","10,68","7,92",546,"0,00%","1,535","19,75","9,55","-5,67","9,95","7,79","5,71%","5,11%","1,17","22,56%","74,12%","395.854,00","37.891.000,00","1,12","39,72%"
TIMS3,"13,19","10,80","1,27","1,768","3,28%",641,"6,67","9,77","-3,43","7,95","2,90","18,11%","16,38%","1,45","8,90%","11,78%","100.889.000,00","25.107.100.000,00","0,15","65,40%"
ATOM3,"3,16","10,88","4,18","2,347","9,49%","2,470","2,79","12,04","4,37","8,78","8,53","19,49%","21,57%","11,15","62,62%","38,38%","111.642,00","15.816.000,00","0,00","64,29%"
KLBN3,"5,85","10,88","5,73","1,994","2,42%",781,"3,95","6,08","-1,56","9,95","6,64","32,81%","20,66%","2,49","17,36%","52,61%","755.776,00","5.739.570.000,00","5,11","16,54%"
TTEN3,"9,52","10,94","2,11",882,"0,00%","1,071","3,09","14,47","3,94","13,58","12,52","6,09%","8,06%","1,83","15,65%","19,24%","8.384.730,00","2.236.240.000,00","0,36","71,55%"
ENGI3,"14,73","10,97","3,06","1,044","5,36%",517,"8,76","5,94","-0,96","9,62","7,54","17,58%","10,46%","1,28","10,12%","27,84%","114.403,00","8.748.260.000,00","2,40","16,79%"
TUPY3,"17,35","10,98","0,93",397,"2,49%",387,"1,09","4,47","139,91","6,23","3,82","8,89%","3,62%","2,54","12,32%","8,47%","12.995.500,00","2.690.750.000,00","0,77","11,20%"
LVTC3,"12,31","10,99","1,26",746,"0,00%",534,"2,66","2,98","28,40","2,84","1,87","25,04%","6,79%","1,51","21,30%","11,51%","3.394.300,00","629.470.000,00","0,00","48,54%"
OFSA3,"24,00","11,36","2,02","1,431","1,97%","1,086","2,67","8,99","7,25","10,53","8,83","15,91%","12,59%","2,97","14,98%","17,77%","224.637,00","641.445.000,00","0,60","14,80%"
ASAI3,"13,60","11,38","6,62",437,"0,81%",802,"143,11","5,68","-1,62","7,38","6,09","7,69%","3,84%","1,01","22,44%","58,21%","125.524.000,00","2.766.000.000,00","2,90","17,72%"
ENEV3,"12,15","11,38","1,82","3,342","0,00%",874,"7,96","12,06","-2,64","16,49","11,32","27,71%","29,37%","2,39","8,56%","15,98%","79.480.000,00","8.575.330.000,00","0,90","12,99%"
QUAL3,"15,42","11,50","2,62","2,095","13,43%",920,"-5,46","5,60","-3,35","6,90","4,81","37,44%","18,65%","0,69","24,49%","22,78%","57.194.300,00","1.671.410.000,00","1,30","0,43%"
SBSP3,"43,28","11,51","1,21","1,532","0,92%",557,"32,03","6,55","-1,38","9,60","6,47","23,38%","13,31%","1,15","9,28%","10,49%","99.577.500,00","24.505.800.000,00","0,73","7,50%"
BBSE3,"22,80","11,59","6,26",0,"6,34%","3,425","0,00","9,25","0,00","0,00","0,00","0,00%","0,00%","0,00","0,00%","54,02%","131.862.000,00","7.281.420.000,00","0,00","0,00%"
BSLI4,"19,53","11,67","2,73",0,"7,29%",0,"0,00","0,00","0,00","0,00","0,00","0,00%","0,00%","0,00","0,00%","23,36%","61.200,30","2.601.550.000,00","0,00","1,93%"
WLMM3,"30,01","11,70","2,06",631,"2,29%","1,678","4,39","9,65","5,56","8,23","7,96","6,54%","5,39%","4,65","24,33%","17,62%","73,20","530.316.000,00","0,01","35,45%"
CXSE3,"7,60","12,02","2,16",0,"3,22%","2,140","26,02","-327,76","26,06","-322,55","-322,70","0,00%","0,00%","10,21","-0,68%","17,96%","23.695.900,00","10.558.800.000,00","0,00","0,00%"
BEEF3,"11,86","12,03","11,01",267,"8,23%",359,"1,10","3,56","-1,28","6,58","5,62","7,49%","2,22%","1,90","22,35%","91,55%","74.932.600,00","654.131.000,00","20,49","19,50%"
MDIA3,"20,51","12,35","1,01",946,"9,49%",657,"2,16","20,08","7,07","19,99","11,07","4,71%","7,66%","3,20","4,30%","8,17%","44.676.000,00","6.893.860.000,00","0,27","8,53%"
SOJA3,"14,24","12,46","2,66","1,913","0,00%","1,681","3,41","11,85","3,82","10,99","10,82","16,14%","15,35%","2,57","21,82%","21,36%","5.697.700,00","626.668.000,00","0,20","0,00%"
CRFB3,"19,80","12,50","2,30",506,"4,58%",667,"22,31","8,75","-4,06","9,20","7,23","5,78%","4,33%","1,06","12,31%","18,41%","100.005.000,00","17.079.000.000,00","0,53","12,11%"
EVEN3,"5,97","12,63","0,71",579,"13,92%",216,"0,55","3,43","1,00","1,37","1,34","16,85%","6,34%","2,00","7,86%","5,59%","11.340.100,00","1.790.560.000,00","0,20","8,02%"
BALM4,"9,80","12,73","0,80",671,"4,18%",442,"1,07","6,56","1,78","5,41","4,40","10,23%","4,31%","2,57","8,74%","6,31%","6.488,34","119.668.000,00","0,20","8,74%"
CPLE5,"26,40","12,76","3,35","3,159","5,20%","1,450","32,98","18,50","-4,54","19,94","15,74","17,07%","25,25%","1,22","9,27%","26,26%","1.762,15","21.564.100.000,00","0,49","12,70%"
GMAT3,"4,44","12,93","1,53",618,"0,00%",985,"2,12","10,06","3,51","11,20","8,81","6,14%","4,84%","3,80","12,16%","11,85%","31.338.900,00","6.403.190.000,00","0,31","40,56%"
MRSA5B,"33,00","13,04","2,27","2,582","0,96%",883,"26,55","8,88","-2,18","10,42","5,75","29,07%","19,79%","1,19","12,32%","17,39%","168,29","4.946.430.000,00","0,81","4,07%"
MRSA5B,"33,00","13,04","2,27","2,582","0,96%",883,"26,55","8,88","-2,18","10,42","5,75","29,07%","19,79%","1,19","12,32%","17,39%","168,29","4.946.430.000,00","0,81","4,07%"
ECOR3,"6,99","13,08","2,30","1,046","0,00%",297,"-3,27","3,12","-0,42","8,08","5,60","33,56%","7,90%","0,64","11,20%","17,55%","42.735.900,00","2.120.310.000,00","4,71","10,30%"
FLRY3,"17,27","13,12","3,03","1,452","1,32%",899,"7,53","7,65","-2,30","10,52","6,88","18,98%","11,10%","1,62","14,80%","23,06%","35.994.300,00","1.814.990.000,00","1,67","10,94%"
MERC4,"9,70","13,22","0,68",0,"4,94%",0,"0,00","0,00","0,00","0,00","0,00","0,00%","0,00%","0,00","0,00%","5,14%","20.907,40","257.129.000,00","0,00","-36,36%"
LCAM3,"24,02","13,23","2,56","1,861","1,70%",804,"25,68","7,32","-1,66","11,07","8,46","25,44%","14,06%","1,19","13,84%","19,35%","65.226.700,00","4.772.960.000,00","1,69","59,06%"
WLMM4,"34,00","13,25","2,33",715,"2,23%","1,901","4,97","10,93","6,30","9,51","9,20","6,54%","5,39%","4,65","24,33%","17,62%","51.878,50","530.316.000,00","0,01","35,45%"
GRND3,"8,84","13,27","1,95","3,404","9,79%","1,751","2,98","19,62","3,07","16,87","13,84","17,35%","25,66%","8,02","12,79%","14,68%","13.170.900,00","4.094.330.000,00","0,05","-1,28%"
BRBI11,"18,00","13,63","2,46","8,341","0,00%",620,"2,41","17,93","2,59","9,18","9,05","46,53%","61,19%","1,35","246,07%","18,07%","3.903.480,00","767.206.000,00","2,65","-81,48%"
FRAS3,"13,34","13,74","2,65","1,124","2,25%",942,"3,69","8,96","-7,97","10,85","8,03","12,54%","8,16%","1,95","13,65%","19,28%","3.667.980,00","1.095.570.000,00","0,89","30,27%"
VIVT3,"51,49","13,95","1,25","1,977","6,76%",753,"-62,23","17,27","-3,54","19,35","5,71","11,45%","14,15%","0,94","4,94%","8,92%","102.843.000,00","69.927.200.000,00","0,24","0,30%"
VLID3,"10,12","13,98","0,66",380,"2.855,04%",269,"1,77","4,20","-1,80","8,38","4,73","9,04%","2,63%","1,55","8,08%","4,74%","6.978.890,00","1.258.800.000,00","1,01","8,10%"
MELK3,"3,63","14,07","0,64","1,105","7,81%",383,"0,69","11,90","0,76","3,86","3,62","9,29%","9,23%","2,69","4,53%","4,56%","1.639.880,00","1.177.750.000,00","0,03","0,00%"
AESB3,"10,80","14,20","1,65","2,719","1,73%",449,"10,10","35,96","-0,97","66,44","18,73","7,56%","21,72%","1,29","1,51%","11,61%","12.081.100,00","3.223.070.000,00","1,93","0,00%"
MRSA6B,"36,00","14,23","2,47","2,816","0,88%",963,"28,96","9,69","-2,38","11,23","6,20","29,07%","19,79%","1,19","12,32%","17,39%","87,80","4.946.430.000,00","0,81","4,07%"
MRSA6B,"36,00","14,23","2,47","2,816","0,88%",963,"28,96","9,69","-2,38","11,23","6,20","29,07%","19,79%","1,19","12,32%","17,39%","87,80","4.946.430.000,00","0,81","4,07%"
BLAU3,"25,97","14,33","2,85","3,410","0,96%","2,001","3,44","10,04","4,64","8,86","8,47","33,97%","23,70%","4,95","36,02%","19,88%","8.607.420,00","1.636.290.000,00","0,23","22,15%"
SOND6,"35,86","14,50","1,46","1,228","23,49%","1,017","3,09","15,31","4,56","10,75","8,26","8,02%","8,46%","2,68","9,60%","10,04%","687,66","60.518.000,00","0,00","9,12%"
BSLI3,"24,37","14,56","3,40",0,"5,31%",0,"0,00","0,00","0,00","0,00","0,00","0,00%","0,00%","0,00","0,00%","23,36%","16.027,30","2.601.550.000,00","0,00","1,93%"
SOND5,"36,00","14,56","1,46","1,232","23,40%","1,021","3,11","15,37","4,57","10,81","8,30","8,02%","8,46%","2,68","9,60%","10,04%","3.090,59","60.518.000,00","0,00","9,12%"
AURA33,"49,60","14,60","2,31","1,461","13,28%","1,061","5,00","4,04","-13,17","4,01","4,01","36,18%","10,01%","1,86","43,06%","15,82%","9.285.270,00","1.519.430.000,00","0,58","63,49%"
BPAC11,"24,46","14,90","2,51",0,"1,57%",0,"0,00","0,00","0,00","0,00","0,00","0,00%","0,00%","0,00","0,00%","16,84%","338.283.000,00","37.379.700.000,00","0,00","36,32%"
EQPA3,"6,42","15,09","3,93","1,906","4,83%","1,108","6,93","8,12","-4,09","9,32","7,82","23,48%","12,63%","1,56","18,92%","26,05%","59.658,90","3.607.190.000,00","1,30","8,38%"
BPAN4,"9,75","15,17","2,03",0,"2,30%",0,"0,00","0,00","0,00","0,00","0,00","0,00%","0,00%","0,00","0,00%","13,36%","74.418.800,00","5.798.630.000,00","0,00","13,64%"
CBAV3,"19,03","15,26","2,52","1,346","0,00%",948,"4,94","9,12","-4,06","10,22","7,30","14,76%","9,95%","2,06","13,06%","16,51%","51.228.200,00","4.500.800.000,00","0,70","55,66%"
PRIO3,"23,16","15,33","3,09","4,650","0,00%","1,673","4,07","9,30","40,47","8,96","6,42","49,98%","30,32%","5,62","30,19%","20,14%","644.152.000,00","6.620.250.000,00","0,59","65,27%"
ENMT3,"81,75","15,51","6,42","2,609","3,76%","1,621","32,09","10,25","-3,43","12,49","10,93","25,44%","16,82%","1,23","17,66%","41,39%","234.923,00","2.788.090.000,00","1,56","13,50%"
ENMT4,"81,79","15,52","6,42","2,610","3,76%","1,622","32,11","10,26","-3,43","12,50","10,93","25,44%","16,82%","1,23","17,66%","41,39%","1.183,10","2.788.090.000,00","1,56","13,50%"
RAIZ4,"6,34","15,52","3,21",310,"0,00%",625,"8,12","9,37","-2,03","14,03","8,42","3,31%","2,03%","1,18","8,31%","20,66%","62.165.400,00","20.468.800.000,00","1,84","0,00%"
EQPA7,"6,62","15,56","4,05","1,966","4,68%","1,143","7,14","8,37","-4,21","9,57","8,03","23,48%","12,63%","1,56","18,92%","26,05%","80,59","3.607.190.000,00","1,30","8,38%"
HYPE3,"33,68","16,04","2,17","3,593","3,66%","1,076","5,74","11,18","-6,11","13,84","12,93","32,14%","22,41%","2,34","11,09%","13,54%","105.285.000,00","9.826.590.000,00","0,75","11,32%"
UGPA3,"12,31","16,14","1,36",125,"3,01%",352,"1,11","9,11","-3,90","18,17","11,31","1,37%","0,81%","1,98","5,17%","8,45%","99.338.900,00","10.066.900.000,00","1,76","5,36%"
ODPV3,"11,74","16,40","5,59","3,385","3,80%","3,225","-670,11","10,62","-27,11","10,05","9,15","31,89%","20,70%","0,98","37,28%","34,09%","20.373.900,00","1.115.800.000,00","0,00","6,18%"
EQPA5,"7,00","16,45","4,29","2,079","4,43%","1,209","7,55","8,85","-4,46","10,05","8,43","23,48%","12,63%","1,56","18,92%","26,05%","281,73","3.607.190.000,00","1,30","8,38%"
MODL4,"3,73","16,77","2,08",0,"1,90%",0,"0,00","0,00","0,00","0,00","0,00","0,00%","0,00%","0,00","0,00%","12,42%","80.941,40","1.260.560.000,00","0,00","237,21%"
BMOB3,"13,91","16,78","1,23","2,587","0,00%",875,"2,29","14,90","2,60","8,85","6,34","17,36%","15,41%","2,58","10,72%","7,32%","10.569.100,00","1.029.720.000,00","0,00","77,83%"
VITT3,"12,70","16,96","3,78","2,332","0,77%","2,148","6,18","12,04","7,51","13,10","12,24","19,38%","13,83%","1,95","20,80%","22,30%","2.054.020,00","480.364.000,00","0,53","34,28%"
ABEV3,"13,78","17,12","2,63","2,978","4,38%","1,565","-906,76","14,14","-13,60","13,13","9,85","21,07%","18,01%","0,99","15,96%","15,33%","408.203.000,00","82.643.000.000,00","0,04","10,40%"
IGTI3,"2,27","17,56","1,22","4,891","0,24%",569,"2,27","12,15","-2,66","16,26","11,21","40,27%","40,35%","4,64","6,46%","6,97%","1.427.800,00","3.429.380.000,00","1,00","3,67%"
B3SA3,"13,60","17,64","3,69","8,084","6,12%","1,520","8,38","12,80","-12,59","11,26","9,67","63,16%","45,83%","1,64","21,23%","20,92%","625.362.000,00","22.580.300.000,00","0,62","33,84%"
PDTC3,"5,75","17,66","3,51","1,312","0,00%","1,049","2,91","15,15","17,87","15,83","10,46","8,66%","7,43%","1,90","10,64%","19,91%","415.470,00","128.337.000,00","0,84","454,04%"
JOPA3,"28,00","17,94","0,54",158,"3,06%",135,"0,36","5,04","3,81","12,41","9,63","3,13%","1,26%","2,12","4,13%","3,01%","1.849,66","547.682.000,00","1,95","15,08%"
GPAR3,"39,00","18,14","1,97","14,529","1,30%","1,437","8,43","16,04","-23,10","15,30","15,30","90,60%","80,10%","5,32","10,12%","10,88%","496,42","1.539.700.000,00","0,06","-1,91%"
AGXY3,"9,85","18,52","1,23",295,"0,00%",282,"2,59","9,67","41,68","14,00","9,76","3,05%","1,42%","1,16","6,00%","6,66%","1.343.530,00","1.364.840.000,00","0,98","0,00%"
LJQQ3,"6,75","18,53","2,33",622,"2,10%",470,"1,82","7,17","-3,86","6,75","4,60","8,67%","3,35%","1,62","9,41%","12,60%","28.818.900,00","541.509.000,00","0,49","23,01%"
MODL11,"12,38","18,55","2,31",0,"1,71%",0,"0,00","0,00","0,00","0,00","0,00","0,00%","0,00%","0,00","0,00%","12,42%","8.374.400,00","1.260.560.000,00","0,00","237,21%"
ALPA3,"19,19","19,01","3,86","3,320","1,75%","1,632","-12,29","19,34","-9,78","18,64","15,63","17,16%","17,54%","0,75","9,96%","20,31%","124.935,00","3.395.640.000,00","0,03","-0,31%"
IGTI11,"17,98","19,87","1,38","5,534","0,00%",644,"2,57","13,74","-3,01","17,85","12,32","40,27%","40,35%","4,64","6,46%","6,97%","43.190.100,00","3.429.380.000,00","1,00","3,67%"
CSED3,"4,45","19,91","1,17",941,"3,38%",356,"2,27","5,84","-0,85","6,08","3,63","16,11%","4,73%","2,31","8,04%","5,89%","4.921.450,00","1.448.400.000,00","0,81","0,00%"
RENT3,"53,98","20,03","5,38","3,756","0,82%","1,617","20,91","12,70","-3,81","15,01","13,08","29,57%","18,75%","1,39","17,67%","26,83%","384.138.000,00","7.617.090.000,00","1,63","15,51%"
RPAD6,"4,63","20,25","0,38",0,"0,00%",374,"6,46","-107,07","6,47","-88,12","-88,12","0,00%","0,00%","7,26","-0,37%","1,86%","2.779,12","1.038.890.000,00","0,00","-30,32%"
JPSA3,"29,02","20,27","1,93","4,667","0,29%",468,"2,34","12,96","-1,68","20,35","12,83","36,02%","46,31%","5,31","4,56%","9,51%","7.666.510,00","1.762.140.000,00","1,94","1,01%"
SBFG3,"19,22","20,85","2,13","1,033","0,00%",656,"2,82","15,49","-4,56","21,41","10,67","6,67%","4,95%","1,74","5,28%","10,23%","28.842.100,00","2.189.360.000,00","1,07","66,70%"
LAME4,"6,55","20,99","1,89",476,"0,00%",282,"1,19","7,32","-4,32","11,24","5,46","6,51%","2,51%","1,72","6,53%","9,02%","17.785.400,00","6.514.640.000,00","2,54","9,72%"
EGIE3,"40,38","21,07","4,16","2,627","6,37%",864,"12,01","5,90","-1,52","8,59","7,24","44,51%","12,48%","1,47","17,28%","19,72%","53.085.100,00","7.929.010.000,00","2,54","16,13%"
STBP3,"6,64","21,08","2,62","3,734","4,51%","1,206","7,43","15,66","-4,65","13,82","9,14","23,85%","17,71%","2,37","10,20%","12,42%","32.780.100,00","2.187.230.000,00","0,18","13,34%"
LAME3,"6,62","21,22","1,91",481,"0,00%",285,"1,20","7,40","-4,37","11,32","5,49","6,51%","2,51%","1,72","6,53%","9,02%","3.850.280,00","6.514.640.000,00","2,54","9,72%"
MTRE3,"4,91","21,35","0,53",905,"13,55%",328,"0,62","11,21","0,83","8,05","7,26","8,07%","4,77%","3,27","3,57%","2,46%","3.768.420,00","987.810.000,00","0,11","53,69%"
VIVA3,"23,97","21,40","4,22","4,486","1,37%","2,390","6,78","18,87","15,11","18,28","14,99","23,78%","20,96%","2,48","17,64%","19,70%","30.856.200,00","1.342.840.000,00","0,22","27,01%"
PNVL3,"11,47","21,86","1,68",550,"1,52%",765,"2,75","22,78","19,17","29,18","9,89","2,41%","2,52%","1,91","4,42%","7,67%","7.174.850,00","1.029.350.000,00","0,67","9,09%"
MODL3,"4,89","21,99","2,73",0,"1,45%",0,"0,00","0,00","0,00","0,00","0,00","0,00%","0,00%","0,00","0,00%","12,42%","44.478,70","1.260.560.000,00","0,00","237,21%"
BALM3,"16,96","22,03","1,39","1,161","2,00%",765,"1,86","11,35","3,08","10,20","8,29","10,23%","4,31%","2,57","8,74%","6,31%","738,24","119.668.000,00","0,20","8,74%"
MILS3,"5,95","22,58","1,38","2,249","3,15%","1,033","3,71","13,26","7,07","12,32","5,40","16,96%","9,95%","3,38","10,47%","6,11%","7.093.440,00","1.088.030.000,00","0,20","26,39%"
ALPA4,"23,15","22,93","4,66","4,005","1,59%","1,969","-14,82","23,33","-11,80","22,64","18,97","17,16%","17,54%","0,75","9,96%","20,31%","127.212.000,00","3.395.640.000,00","0,03","-0,31%"
BOAS3,"6,12","23,00","1,62","4,542","1,42%","1,259","2,66","20,29","3,95","13,28","6,54","22,39%","19,75%","7,70","12,19%","7,06%","5.887.940,00","2.001.970.000,00","0,05","12,81%"
BMIN4,"16,12","23,04","0,60",0,"8,68%",0,"0,00","0,00","0,00","0,00","0,00","0,00%","0,00%","0,00","0,00%","2,62%","38.651,00","128.621.000,00","0,00","-7,00%"
JOPA4,"36,00","23,07","0,70",203,"2,62%",174,"0,47","6,48","4,90","13,85","10,75","3,13%","1,26%","2,12","4,13%","3,01%","87,80","547.682.000,00","1,95","15,08%"
BRGE12,"6,79","23,32","0,40","115,247","0,01%",163,"0,43","-0,92","1,01","1,75","1,75","-12.515,70%","545,01%","2,80","-33,35%","1,72%","593,93","1.249.660.000,00","0,00","-29,81%"
BRGE3,"6,80","23,36","0,40","115,417","0,01%",163,"0,43","-0,92","1,01","1,74","1,75","-12.515,70%","545,01%","2,80","-33,35%","1,72%","1.682,17","1.249.660.000,00","0,00","-29,81%"
TFCO4,"9,36","23,73","6,09","3,696","6,33%","3,554","6,54","18,48","9,91","18,65","17,99","20,01%","15,57%","3,35","25,27%","25,65%","2.773.040,00","245.575.000,00","0,32","0,00%"
POWE3,"10,90","23,92","0,99",618,"0,49%",378,"6,57","17,61","-3,01","10,63","10,01","3,51%","2,59%","1,13","3,54%","4,13%","2.720.770,00","988.330.000,00","0,04","0,00%"
PGMN3,"8,91","24,04","1,89",525,"0,00%",602,"2,99","10,64","-4,07","12,09","6,91","4,93%","2,18%","1,60","8,05%","7,87%","8.142.640,00","2.090.200.000,00","0,57","5,76%"
GGPS3,"14,73","24,60","4,48","1,486","1,27%","1,489","5,12","17,52","-10,12","18,27","14,92","8,48%","6,04%","2,27","11,54%","18,21%","14.282.000,00","2.195.110.000,00","0,94","33,85%"
EQPA6,"10,69","25,13","6,55","3,174","2,90%","1,846","11,53","13,52","-6,80","14,72","12,35","23,48%","12,63%","1,56","18,92%","26,05%","156,44","3.607.190.000,00","1,30","8,38%"
ARZZ3,"79,38","25,25","5,48","2,981","1,06%","2,589","68,20","25,78","-68,34","26,59","20,25","11,56%","11,76%","1,08","13,37%","21,70%","94.106.500,00","1.590.580.000,00","0,34","17,02%"
VAMO3,"10,49","25,47","3,88","3,630","1,87%","1,006","2,79","13,59","-3,83","16,59","11,91","26,71%","14,25%","4,09","13,49%","15,24%","31.943.900,00","2.640.190.000,00","2,31","1.030,06%"
BPAC3,"14,00","25,59","4,31",0,"0,92%",0,"0,00","0,00","0,00","0,00","0,00","0,00%","0,00%","0,00","0,00%","16,84%","233.253,00","37.379.700.000,00","0,00","36,32%"
AMBP3,"33,65","26,36","3,23","1,983","0,28%",782,"6,31","12,15","-1,85","18,15","11,33","16,32%","8,81%","1,67","7,88%","12,25%","25.385.400,00","1.177.230.000,00","2,27","98,90%"
MULT3,"19,95","26,45","1,88","9,302","2,47%","1,124","25,13","16,56","-4,34","19,66","15,38","56,19%","35,14%","1,45","7,43%","7,12%","127.766.000,00","6.360.380.000,00","0,48","0,89%"
BRGE11,"7,71","26,48","0,45","130,862","4,88%",185,"0,49","-1,05","1,15","1,62","1,63","-12.515,70%","545,01%","2,80","-33,35%","1,72%","106,78","1.249.660.000,00","0,00","-29,81%"
BMKS3,"239,99","26,52","0,57","5,596","3,30%",512,"0,68","-50,43","0,77","12,55","171,95","-11,10%","21,10%","37,44","-2,97%","2,16%","5.374,27","190.364.000,00","0,01","8,71%"
LOGN3,"25,19","27,35","5,86","1,908","0,00%","1,093","5,61","14,21","-2,62","18,94","11,45","13,43%","6,98%","1,97","10,93%","21,42%","11.661.400,00","455.181.000,00","3,28","11,45%"
RPAD3,"6,34","27,73","0,52",0,"0,00%",512,"8,85","-146,61","8,87","-127,66","-127,66","0,00%","0,00%","7,26","-0,37%","1,86%","5.897,59","1.038.890.000,00","0,00","-30,32%"
LUXM4,"82,00","28,16","4,16","3,467","1,96%","2,676","21,88","21,39","-30,39","20,93","11,85","16,20%","12,31%","1,83","15,72%","14,79%","105.390,00","102.314.000,00","0,19","2,99%"
BMIN3,"20,15","28,80","0,76",0,"0,00%",0,"0,00","0,00","0,00","0,00","0,00","0,00%","0,00%","0,00","0,00%","2,62%","2.485,90","128.621.000,00","0,00","-7,00%"
LIPR3,"63,00","28,96","3,59",0,"3,21%","3,100","12,10","-125,84","13,93","-112,08","-112,15","0,00%","0,00%","3,51","-3,73%","12,39%","11.022,20","206.596.000,00","0,00","0,00%"
INTB3,"32,55","29,26","5,61","3,454","1,05%","2,999","6,32","28,80","8,09","27,48","24,76","11,99%","11,77%","2,33","21,28%","19,18%","40.059.900,00","1.900.430.000,00","0,24","34,84%"
MOSI3,"7,85","30,76","1,48","4,536","0,01%","1,384","1,80","85,45","1,81","38,74","22,45","5,31%","14,75%","13,30","8,12%","4,82%","5.326.140,00","670.337.000,00","0,00","0,00%"
NTCO3,"23,41","30,82","1,13",804,"0,00%",534,"8,60","14,71","-2,24","17,78","7,83","5,47%","2,59%","1,27","4,60%","3,67%","305.995.000,00","28.545.600.000,00","0,45","66,75%"
BRFS3,"16,24","31,46","1,56",273,"0,00%",236,"2,63","4,69","-0,63","10,95","5,54","5,82%","0,90%","1,24","8,36%","4,96%","245.746.000,00","8.462.530.000,00","3,01","10,56%"
BRGE8,"9,29","31,91","0,55","157,679","3,37%",222,"0,59","-1,26","1,38","1,41","1,41","-12.515,70%","545,01%","2,80","-33,35%","1,72%","286,39","1.249.660.000,00","0,00","-29,81%"
YDUQ3,"16,40","32,05","1,56","1,154","2,86%",512,"4,58","9,73","-1,38","16,82","7,30","11,86%","3,60%","1,59","6,59%","4,88%","61.581.200,00","3.241.580.000,00","1,70","6,04%"
ALSO3,"19,89","32,15","0,79","6,023","1,14%",475,"4,31","13,89","-3,32","16,17","10,77","43,36%","22,64%","3,18","3,88%","2,46%","29.103.100,00","6.693.810.000,00","0,32","31,67%"
SOMA3,"12,25","32,62","1,34","4,691","0,00%","1,009","6,07","44,32","26,60","47,63","30,69","10,58%","14,38%","2,40","2,50%","4,11%","62.780.200,00","7.173.400.000,00","0,14","0,00%"
RPAD5,"8,19","35,82","0,67",0,"6,88%",661,"11,43","-189,39","11,45","-170,44","-170,44","0,00%","0,00%","7,26","-0,37%","1,86%","4.771,54","1.038.890.000,00","0,00","-30,32%"
CCRO3,"12,36","35,89","3,02","2,039","1,34%",604,"12,14","7,02","-1,00","12,91","6,85","29,06%","6,58%","1,35","10,15%","8,42%","103.769.000,00","8.264.760.000,00","3,24","3,18%"
BRML3,"8,75","36,21","0,68","7,053","0,00%",373,"4,74","11,90","-1,17","15,94","14,89","59,28%","15,96%","3,94","3,43%","1,87%","167.811.000,00","10.717.700.000,00","0,38","-6,16%"
PINE4,"1,47","37,01","0,28",0,"0,00%",0,"0,00","0,00","0,00","0,00","0,00","0,00%","0,00%","0,00","0,00%","0,76%","694.942,00","779.133.000,00","0,00","58,46%"
WEGE3,"31,98","37,43","9,87","5,697","1,42%","5,609","16,74","30,85","22,28","30,52","27,26","18,47%","15,52%","2,01","23,40%","26,36%","257.602.000,00","13.605.000.000,00","0,13","24,48%"
NGRD3,"2,33","38,06","1,19","2,264","0,53%",722,"2,24","18,59","7,47","11,21","6,92","12,18%","5,94%","2,94","6,64%","3,12%","3.611.120,00","467.883.000,00","0,19","8,90%"
LREN3,"22,80","39,69","2,37","2,307","1,82%","1,158","3,19","15,03","8,99","13,42","8,48","15,35%","5,81%","2,31","12,21%","5,98%","311.924.000,00","9.497.620.000,00","0,35","6,04%"
AMER3,"24,41","39,83","1,36",954,"0,00%",487,"2,53","21,72","-3,24","27,15","11,78","4,39%","2,40%","1,64","3,45%","3,42%","240.549.000,00","15.911.000.000,00","0,78","31,83%"
CSAB4,"50,00","41,24","2,21","132,826","4,09%","1,024","0,00","65,55","0,00","0,00","0,00","202,63%","322,07%","0,00","0,00%","5,36%","229,39","173.654.000,00","0,00","-10,08%"
SULA4,"11,14","42,80","1,75",699,"0,67%",490,"1,30","-52,25","-11,60","0,46","1,01","-1,34%","1,63%","2,24","-2,38%","4,09%","740.365,00","8.135.840.000,00","0,40","2,45%"
CEGR3,"79,89","43,68","20,32","4,700","1,47%","5,547","-37,75","26,29","-11,43","27,55","23,36","17,88%","10,76%","0,62","25,80%","46,52%","389,73","1.020.780.000,00","1,17","0,17%"
SULA11,"34,25","43,86","1,79",716,"0,66%",502,"1,34","-53,55","-11,88","-0,83","-1,81","-1,34%","1,63%","2,24","-2,38%","4,09%","172.832.000,00","8.135.840.000,00","0,40","2,45%"
SULA3,"11,80","45,33","1,85",740,"0,63%",519,"1,38","-55,34","-12,28","-2,63","-5,70","-1,34%","1,63%","2,24","-2,38%","4,09%","462.000,00","8.135.840.000,00","0,40","2,45%"
RDNI3,"9,30","48,09","0,65",860,"0,11%",210,"0,85","25,80","-1,16","55,66","41,80","3,33%","3,14%","2,03","0,86%","1,36%","228.798,00","624.110.000,00","0,85","16,57%"
RADL3,"22,40","49,21","7,91","1,534","0,87%","2,504","20,30","27,89","-15,83","28,75","14,57","5,50%","3,17%","1,31","12,33%","16,08%","158.678.000,00","4.677.670.000,00","0,32","16,28%"
TOTS3,"32,90","55,10","4,80","6,231","0,91%","2,042","9,37","18,69","746,07","17,39","14,02","33,33%","11,48%","1,65","16,52%","8,71%","146.562.000,00","4.232.930.000,00","0,44","9,13%"
SCAR3,"34,01","56,98","1,26","6,817","1,08%",568,"-8,09","12,81","-1,24","23,84","17,94","53,22%","11,94%","0,55","4,58%","2,21%","85.970,90","1.562.350.000,00","1,15","-12,95%"
BAUH4,"78,00","58,25","4,12","2,324","0,86%","2,518","-32,12","751,51","-26,02","731,38","73,93","0,31%","3,99%","0,79","0,51%","7,07%","45.080,90","98.830.000,00","0,00","2,41%"
MGLU3,"5,13","58,62","3,07",981,"0,29%",902,"3,74","131,26","-13,25","141,39","34,51","0,75%","1,67%","1,61","1,09%","5,25%","868.311.000,00","11.261.200.000,00","0,60","32,13%"
AERI3,"5,40","59,80","4,14","1,664","0,00%","1,340","3,24","21,08","-40,35","23,97","20,51","7,89%","2,78%","2,80","11,21%","6,92%","12.433.400,00","999.592.000,00","1,46","12,56%"
CBEE3,"21,00","60,48","1,36",595,"0,00%",311,"-2,89","5,12","-0,58","10,82","7,19","11,63%","0,98%","0,69","6,79%","2,25%","3.107,22","3.712.960.000,00","1,61","11,13%"
RDOR3,"52,01","72,24","7,32","5,386","2,55%","2,048","6,14","26,68","-7,37","30,19","23,56","20,19%","8,04%","4,36","10,66%","10,13%","202.715.000,00","14.285.100.000,00","1,89","46,09%"
ANIM3,"6,41","73,65","1,00","1,180","0,00%",251,"6,81","8,30","-0,42","22,38","11,10","14,21%","1,75%","1,31","3,31%","1,36%","18.861.400,00","2.577.160.000,00","2,00","19,40%"
DMVF3,"3,89","99,47","0,23",172,"0,00%",134,"5,28","2,61","-0,83","2,01","0,89","6,60%","0,17%","1,10","6,35%","0,24%","413.200,00","838.138.000,00","0,06","0,40%"
APER3,"31,22","107,08","1,60","3,232","0,00%",895,"9,81","63,90","-4,79","52,65","19,25","5,06%","2,98%","1,56","1,69%","1,50%","1.289.100,00","296.290.000,00","0,00","11,34%"
BRPR3,"7,37","109,15","0,49","10,709","2,77%",310,"9,18","16,03","-1,12","25,05","24,85","66,79%","9,81%","1,56","2,11%","0,45%","13.443.000,00","7.101.700.000,00","0,41","-8,14%"
PETZ3,"17,87","109,54","4,67","3,918","0,22%","2,384","12,40","39,60","-25,26","37,37","19,55","9,90%","3,58%","1,95","8,58%","4,27%","119.700.000,00","1.759.260.000,00","0,13","45,85%"
SQIA3,"15,41","116,31","1,70","4,412","0,10%","1,087","2,38","45,58","6,01","32,87","14,25","9,68%","4,28%","6,56","4,77%","1,46%","18.079.700,00","798.855.000,00","0,30","24,57%"
RAIL3,"15,71","193,50","1,97","3,915","0,00%",605,"3,67","18,48","-1,40","25,93","11,99","21,18%","2,09%","2,79","4,14%","1,02%","213.043.000,00","14.795.400.000,00","1,43","5,17%"
HAPV3,"12,02","220,48","8,09","8,982","0,17%","4,933","193,62","164,30","-27,93","163,40","59,16","5,47%","4,13%","1,14","3,56%","3,67%","471.181.000,00","10.615.600.000,00","0,19","37,43%"
BIDI3,"5,55","413,32","1,69",0,"0,53%",0,"0,00","0,00","0,00","0,00","0,00","0,00%","0,00%","0,00","0,00%","0,41%","12.485.800,00","8.488.640.000,00","0,00","44,69%"
BIDI11,"17,15","425,73","1,74",0,"0,52%",0,"0,00","0,00","0,00","0,00","0,00","0,00%","0,00%","0,00","0,00%","0,41%","387.693.000,00","8.488.640.000,00","0,00","44,69%"
BIDI4,"5,85","435,66","1,78",0,"0,51%",0,"0,00","0,00","0,00","0,00","0,00","0,00%","0,00%","0,00","0,00%","0,41%","100.280.000,00","8.488.640.000,00","0,00","44,69%"
LWSA3,"9,29","12.993,80","1,86","7,896","0,00%","1,305","3,25","174,04","5,31","120,21","34,77","4,54%","0,06%","3,82","1,33%","0,01%","146.391.000,00","2.950.560.000,00","0,04","53,23%"